releve_nr,country,reference,table_nr,nr_in_tab,coverscale,author,date,syntaxon,surf_area,altitude,exposition,inclinatio,cov_total,cov_trees,cov_shrubs,cov_herbs,cov_mosses,cov_lichen,cov_algae,cov_litter,cov_water,cov_rock,tree_high,tree_low,shrub_high,shrub_low,herb_high,herb_low,herb_max,crypt_high,moss_ident,lich_ident,remarks,coord_code,rs_project,resurvey,rs_site,rs_plot,rs_observ,plot_shape,manipulate,maniptyp,loc_method,data_owner,eva_access,longitude,latitude,precision,locality,field_nr,habitat,geology,soil,s_ph_h2o,esy_code,esy_name,plot_observation_id,plot_id,nr_table_in_publ,cover_scale_name,name_association,name_alliance,expert_system,dataset,surveyor,old_releve_nr,loc_match,gps_match,new_site,cov_ground,conserv,management,subplot,longitude2,latitude2,longitude3,latitude3,longitude4,latitude4,year,time,orig,import_nr,name_all,name_ass,plot_type
115548,CZ,101086,6,1,02,0937,20030510,23AA,16,180,,0,90,0,0,75,85,0,0,0,0,0,0,0,0,0,45,10,55,0,Y,Y,,01,,Y,6,9,6_9_1,,N,,,,0,171717,485630,,"Bzenec,východně od žel. zastávky Bzenec přívoz u trati Hodonín-Bzenec přívoz,u označení trati 118,6",01-Mar,"pás bezlesí na písku, nenarušované, nezastíněné stanoviště cca. 10m od trati",půda silně písčitá s minimální vrstvou humusu,,4.6,TGA01,Diantho serotini-Festucetum vaginatae,,,,,,,,,,,,,,,,,,,,,,,,2003,old,,,,,resampling
115549,CZ,101086,6,2,02,0937,20030510,23AA,16,180,225,10,20,0,0,15,20,0,0,0,0,0,0,0,0,0,15,5,18,0,Y,Y,,01,,Y,6,79,6_79_1,,N,,,,0,171706,485627,,"Bzenec,východně od žel. zastávky Bzenec přívoz u trati Hodonín-Bzenec přívoz,u označení trati 118,4",02-Mar,"sešlapávaná písčitá cesta, večer pravděpodobně zastíněná.",půda silně písčitá,,4.2,TGA01,Diantho serotini-Festucetum vaginatae,,,,,,,,,,,,,,,,,,,,,,,,2003,old,,,,,resampling
115550,CZ,101086,7,3,02,0937,20030511,26BB,16,190,,0,75,0,0,50,70,0,0,0,0,0,0,0,0,0,40,10,140,0,Y,Y,,01,,Y,1,22,1_22_1,,N,,,,0,171739,485800,,"Bzenec, PP Vojenské cvičiště Bzenec cca 2,5 km JV od kostela v Bzenci",03-Mar,"souvislý porost na písku, nenarušované a nezastíněné místo",půda silně písčitá,,4.3,?,,,,,,,,,,,,,,,,,,,,,,,,,2003,old,,,,,resampling
115551,CZ,101086,6,4,02,0937,20030511,23AA,15,200,,0,25,0,0,14,20,0,0,0,0,0,0,0,0,0,10,5,13,0,Y,Y,Plocha 3x5 m.,01,,Y,1,77,1_77_1,,N,,,,0,171738,485800,,"Bzenec, PP Vojenské cvičiště Bzenec cca 2,3 km JV od kostela v Bzenci",04-Mar,"sešlapávaná, nezastíněná cesta na písku",půda silně písčitá,,4.2,TFA01,Corniculario aculeatae-Corynephoretum canescentis,,,,,,,,,,,,,,,,,,,,,,,,2003,old,,,,,resampling
115552,CZ,101086,7,5,02,0937,20030517,26BB,16,200,,0,75,0,0,60,65,0,0,0,0,0,0,0,0,0,75,15,120,0,Y,Y,,01,,Y,1,83,1_83_1,,N,,,,0,171737,485800,,"Bzenec, PP Vojenské cvičiště Bzenec cca 2,1 km JJV od kostela v Bzenci",05-Mar,Nenarušovaná plocha 100m od zemědělského objektu (možnost ovlivnění eutrofizací).,půda silně písčitá,,5.5,TGA01,Diantho serotini-Festucetum vaginatae,,,,,,,,,,,,,,,,,,,,,,,,2003,old,,,,,resampling
115553,CZ,101086,8,6,02,0937,20040514,39,16,180,,0,70,0,0,70,0,0,0,0,0,0,0,0,0,0,20,15,50,0,Y,Y,Veronica sp. = V. praecox v orig. (pravděpod. determinač,02,,Y,8,15,8_15_1,,N,,,,0,165015,484420,,"Břeclav, Boří les, cca 2km Z od žel. zastávky Boří les na J straně kolejí Valtice-Břeclav.",01-Apr,"Nenarušovaná travnatá plocha cca. 5m od kolejí, bez zastínění, s velkým množstvím odumřelé biomasy",půda hlinitopísčitá,,5.8,?,,,,,,,,,,,,,,,,,,,,,,,,,2004,old,,,,,resampling
115554,CZ,101086,6,7,02,0937,20040514,37AA,12,170,90,1,30,0,0,30,0,0,0,0,0,0,0,0,0,0,10,5,25,0,Y,Y,Plocha 2x6 m.,02,,Y,8,16,8_16_1,,N,,,,0,165042,484418,,"Břeclav, Boří les, cca 1,5km Z od žel. zastávky Boří les jižně od žel. trati Valtice-Břeclav.",02-Apr,"Sešlapávaná písčitá lesní cesta, pravděpodobně bez zastínění",půda silně písčitá,,6,?,,,,,,,,,,,,,,,,,,,,,,,,,2004,old,,,,,resampling
115556,CZ,101086,6,9,02,0937,20040516,23AA01,16,205,,0,80,0,0,75,50,0,0,0,0,0,0,0,0,0,30,15,45,0,Y,Y,,02,,Y,7,81,7_81_1,,N,,,,0,170830,485308,,"Hodonín, část Pánov, Hrubá louka cca. 2,5 km SSV od železničního nádraží Hodoní",04-Apr,"Neúplně zapojený, občas narušovaný porost cca. 10m od cesty.",půda silně písčitá,,4.6,?,,,,,,,,,,,,,,,,,,,,,,,,,2004,old,,,,,resampling
115557,CZ,101086,6,10,02,0937,20040516,23AA01,16,210,135,5,60,0,0,50,50,0,0,0,0,0,0,0,0,0,30,10,50,0,Y,Y,,02,,Y,7,80,7_80_1,,N,,,,0,170823,485319,,"Hodonín, část Pánov, Hrubá louka  cca. 2,7 km SSV od žel. nádraží Hodonín.",05-Apr,"Plocha ještě před dvěma lety využívaná jako tankodrom, dnes cvičiště na paint-ball.",půda silně písčitá,,4.7,?,,,,,,,,,,,,,,,,,,,,,,,,,2004,old,,,,,resampling
115560,CZ,101086,6,13,02,0937,20040521,25AD,15,190,225,40,50,0,0,25,50,0,0,0,0,0,0,0,0,0,25,15,50,0,Y,Y,Plocha 3x5 m.,02,,Y,5,7,5_7_1,,N,,,,0,171202,485347,,"Rohatec, nepoužívaná trať z Ratíškovic do Rohatec kolonie cca. 400m SV od žel. stanice Rohatec",08-Apr,"Svah na SV straně kolejí, při dešti eroduje.",půda silně písčitá,,5.5,?,,,,,,,,,,,,,,,,,,,,,,,,,2004,old,,,,,resampling
115564,CZ,101086,7,17,02,0937,20040531,,16,160,,0,85,0,0,80,25,0,0,0,0,0,0,0,0,0,50,30,100,0,Y,Y,,02,,Y,8,14,8_14_1,,N,,,,0,165121,484415,,"Břeclav, Boří les, na J straně žel. trati Valtice-Břeclav, cca. 200m Z od žel. zastávky Boří les.",12-Apr,"Nesešlapávaný suchý trávník večer zastíněný, s velkým množstvím odumřelé biomasy na povrchu půdy.",půda písčitá,,5.6,?,,,,,,,,,,,,,,,,,,,,,,,,,2004,old,,,,,resampling
115567,CZ,101086,7,20,02,0937,20040623,25AD,16,205,270,3,90,0,0,80,85,0,0,0,0,0,0,0,0,0,30,15,100,0,Y,Y,,02,,Y,7,11,7_11_1,,N,,,,0,170807,485325,,"Hodonín, část Pánov, Hrubá louka necelé 4km SSV od žel. nádraží Hodonín.",15-Apr,"Zapojený trávník, večer zastíněný, na povrchu půdy vrstva mrtvé biomasy.",půda silně písčitá,,4.8,?,,,,,,,,,,,,,,,,,,,,,,,,,2004,old,,,,,resampling
115573,CZ,101086,6,26,02,0937,20040720,23AA01,16,190,,0,95,0,0,85,90,0,0,0,0,0,0,0,0,0,30,10,80,0,Y,Y,,02,,Y,1,23,1_23_1,,N,,,,0,171725,485732,,"Bzenec, PP Vojenské cvičiště Bzenec cca.2,5km JV od bzeneckého kostela.",21-Apr,Zapojený suchý trávník,půda silně písčitá,,5.1,TGA01,Diantho serotini-Festucetum vaginatae,,,,,,,,,,,,,,,,,,,,,,,,2004,old,,,,,resampling
115574,CZ,101086,6,27,02,0937,20040720,23AA,16,190,225,1,85,0,0,60,85,0,0,0,0,0,0,0,0,0,30,10,40,0,Y,Y,,02,,Y,1,1,1_1_1,,N,,,,0,171728,485730,,"Bzenec, PP Vojenské cvičiště Bzenec cca.2,5km JV od bzeneckého kostela.",22-Apr,"Suchý trávník s převažující pokryvností mechového patra, nezastíněné místo.",půda silně písčitá,,4.4,TFA01,Corniculario aculeatae-Corynephoretum canescentis,,,,,,,,,,,,,,,,,,,,,,,,2004,old,,,,,resampling
115575,CZ,101086,6,28,02,0937,20040927,23AA01,16,190,,0,85,0,0,65,80,0,0,0,0,0,0,0,0,0,30,10,50,0,Y,Y,,02,,Y,10,86,10_86_1,,N,,,,0,171656,485603,,"Bzenec, NPP Váté písky, cca. 1,5km JZ od žel. zastávky Bzenec přívoz.",23-Apr,Suchý trávník na konci sezony.,půda silně písčitá,,4.3,?,,,,,,,,,,,,,,,,,,,,,,,,,2004,old,,,,,resampling
115576,CZ,101086,6,29,02,0937,20050514,23AA,16,190,135,2,60,0,0,15,50,0,0,0,0,0,0,0,0,0,15,5,25,0,Y,Y,,03,,Y,1,3,1_3_1,,N,,,,0,171732,485721,,"Bzenec, PP Vojenské cvičiště Bzenec, cca. 3km JV od bzeneckého kostela.",01-May,"Občas narušovaná plocha (paint-ball), dřív patrně cesta, bez zastínění.",půda silně písčitá,,4.4,TFA01,Corniculario aculeatae-Corynephoretum canescentis,,,,,,,,,,,,,,,,,,,,,,,,2005,old,,,,,resampling
115577,CZ,101086,7,30,02,0937,20050514,26BB,16,190,135,3,80,0,0,50,75,0,0,0,0,0,0,0,0,0,25,10,40,0,Y,Y,,03,,Y,1,2,1_2_1,,N,,,,0,171727,485725,,"Bzenec, PP Vojenské cvičiště Bzenec, cca. 3,1 km JV od bzeneckého kostela.",02-May,"Zapojený suchý trávník na okraji lesa, povrch půdy pokrytý stařinou, během dne pravděp. zastíněno.",půda silně písčitá,,5.1,?,,,,,,,,,,,,,,,,,,,,,,,,,2005,old,,,,,resampling
115585,CZ,101086,6,38,02,0937,20050521,25AD,16,190,,0,80,0,0,60,75,0,0,0,0,0,0,0,0,0,30,10,50,0,Y,Y,,03,,Y,10,20,10_20_1,,N,,,,0,171611,485542,,"Bzenec, NPP Váté písky, cca.2km JZ od žel. zast. Bzenec přívoz na S straně kolejí Hodonín-Zlín.",10-May,"Zapojený suchý trávník, bez zastínění.",půda silně písčitá,,4.8,TFA01,Corniculario aculeatae-Corynephoretum canescentis,,,,,,,,,,,,,,,,,,,,,,,,2005,old,,,,,resampling
115586,CZ,101086,6,39,02,0937,20050521,25AD,16,190,,0,75,0,0,70,50,0,0,0,0,0,0,0,0,0,40,5,50,0,Y,Y,,03,,Y,10,21,10_21_1,,N,,,,0,171611,485548,,"Bzenec, NPP Váté písky, cca.2km JZ od žel. zast. Bzenec přívoz na J straně kolejí Hodonín-Zlín.",11-May,"Zapojený suchý trávník s kavyly, bez zastínění.",půda silně písčitá,,5,TGA01,Diantho serotini-Festucetum vaginatae,,,,,,,,,,,,,,,,,,,,,,,,2005,old,,,,,resampling
115605,CZ,101086,6,58,02,0937,20050609,23AA,15,180,,0,50,0,0,50,0,0,0,0,0,0,0,0,0,0,15,2,20,0,Y,Y,Plocha 3x5 m.,03,,Y,6,8,6_8_1,,N,,,,0,171744,485633,,"Bzenec, pískovna cca. 1km SV od žel. zastávky Bzenec přívoz.",30-May,"Pískovna, její nejvyšší stupeň, plošina už delší dobu nenarušovaná.",půda silně písčitá,,6,TFA01,Corniculario aculeatae-Corynephoretum canescentis,,,,,,,,,,,,,,,,,,,,,,,,2005,old,,,,,resampling
115606,CZ,101086,6,59,02,0937,20050609,23AA,16,170,,0,20,0,0,20,0,0,0,0,0,0,0,0,0,0,20,5,30,0,Y,Y,,03,,Y,6,78,6_78_1,,N,,,,0,171745,485634,,"Bzenec, pískovna cca. 1km SV od žel. zastávky Bzenec přívoz.",31-May,"Pískovna, její druhý nejvyšší stupeň, plošina nedávno narušovaná.",půda silně písčitá,,6.4,TFA01,Corniculario aculeatae-Corynephoretum canescentis,,,,,,,,,,,,,,,,,,,,,,,,2005,old,,,,,resampling
115608,CZ,101086,7,61,02,0937,20050621,26BB,16,210,,0,95,0,0,95,50,0,0,0,0,0,0,0,0,0,30,10,50,0,Y,Y,,03,,Y,7,12,7_12_1,,N,,,,0,170820,485300,,"Hodonín, část Pánov, Hrubá louka cca. 4km S od kostela v Hodoníně.",33/05,"Zapojený suchý trávník na nenarušovaném, nezastíněném místě.",půda silně písčitá,,5.3,?,,,,,,,,,,,,,,,,,,,,,,,,,2005,old,,,,,resampling
115616,CZ,101086,6,69,02,0937,20050623,23AA01,16,210,,0,95,0,0,95,5,0,0,0,0,0,0,0,0,0,35,15,50,0,Y,Y,,03,,Y,7,10,7_10_1,,N,,,,0,170811,485307,,"Hodonín, část Pánov, Hrubá louka cca. 4,5km od kostela v Hodoníně.",41/05,Suchý trávník z J a S strany chráněný stromy před větrem. Kolem poledne zastíněný.,půda silně písčitá,,5.2,?,,,,,,,,,,,,,,,,,,,,,,,,,2005,old,,,,,resampling
115617,CZ,101086,6,70,02,0937,20050623,23AA01,16,210,180,2,95,0,0,90,85,0,0,0,0,0,0,0,0,0,35,10,40,0,Y,Y,,03,,Y,7,13,7_13_1,,N,,,,0,170805,485321,,"Hodonín, část Pánov, Hrubá louka cca. 4,5km od kostela v Hodoníně.",42/05,Suchý trávník na nenarušovaném místě bez zastínění.,půda silně písčitá,,4.8,?,,,,,,,,,,,,,,,,,,,,,,,,,2005,old,,,,,resampling
115627,CZ,101086,7,80,02,0937,20050715,26BB,16,190,225,1,98,0,0,90,75,0,0,0,0,0,0,0,0,0,100,10,130,0,Y,Y,,03,,Y,3,5,3_5_1,,N,,,,0,171146,485521,,"Ratíškovice, 2,5km V od ratíškovického kostela.",53/05,"Trávník na okraji lesa, nesešlapávaný, nekosený. Bez zastínění.",půda písčitá,,5.6,?,,,,,,,,,,,,,,,,,,,,,,,,,2005,old,,,,,resampling
115628,CZ,101086,6,81,02,0937,20050715,37AA,16,180,360,5,98,0,0,50,90,0,0,0,0,0,0,0,0,0,30,5,40,0,Y,Y,opravena souřadnice,03,,Y,12,25,12_25_1,,N,,,,0,171153,485428,,"Rohatec, 2km SSV od žel. zastávky Rohatec kolonie.",54/05,"Suchý trávník v pásu ochrany podél el. vedení, zastíněný kolem poledne.",půda písčitá,,4.5,?,,,,,,,,,,,,,,,,,,,,,,,,,2005,old,,,,,resampling
115642,CZ,101086,7,95,02,0937,20060516,26BB,16,180,,0,90,0,0,50,80,0,0,0,0,0,0,0,0,0,20,3,50,0,Y,Y,,03,,Y,13,24,13_24_1,,N,,,,0,171453,485818,,"Bzenec, cca. 1,5km ZZZJod bzeneckého kostela, S od žel. trati Bzenec-Kyjov.",10-Jun,"Suchý trávník vedle oploceného tenisového kurtu, sešlapávaný, hodně stařiny.",půda písčitá,,6.7,TGA01,Diantho serotini-Festucetum vaginatae,,,,,,,,,,,,,,,,,,,,,,,,2006,old,,,,,resampling
115650,CZ,101086,7,103,02,0937,20060520,25AD,16,180,90,1,70,0,0,40,50,0,0,0,0,0,0,0,0,0,40,10,60,0,Y,Y,,03,,Y,9,17,9_17_1,,N,,,,0,171239,485410,,"Soboňky, cca. 1,5km VVS od žel. zastávky Rohatec, na Z okraji dolního rybníku.",18-Jun,"Trávník cca. 10m od břehu rybníka, nesečený, na povrchu půdy velké množství stařiny.",půda písčitá,,4.9,?,,,,,,,,,,,,,,,,,,,,,,,,,2006,old,,,,,resampling
115652,CZ,101086,7,105,02,0937,20060520,25AD,16,200,90,2,95,0,0,60,90,0,0,0,0,0,0,0,0,0,30,5,50,0,Y,Y,,03,,Y,9,19,9_19_1,,N,,,,0,171223,485425,,"Soboňky, cca. 2km SSV od žel. zastávky Rohatec.",20-Jun,"Trávník na vršku svahu, večer zastíněný, pravděpodobně sečený, na zemi stařina.",půda písčitá,,4.7,?,,,,,,,,,,,,,,,,,,,,,,,,,2006,old,,,,,resampling
115653,CZ,101086,6,106,02,0937,20060520,37AA,16,200,360,20,90,0,0,40,80,0,0,0,0,0,0,0,0,0,30,10,50,0,Y,Y,,03,,Y,9,18,9_18_1,,N,,,,0,171225,485424,,"Soboňky, cca1,8km SV od žel. zastávky Rohatec.",21-Jun,"Suchý trávník na hraně svahu, pravděpodobně kosený, na zemi malé množství stařiny.",půda písčitá až hlinitopísčitá,,5,?,,,,,,,,,,,,,,,,,,,,,,,,,2006,old,,,,,resampling
115657,CZ,101086,7,110,02,0937,20060525,25AD,16,180,180,2,85,0,0,45,80,0,0,0,0,0,0,0,0,0,30,5,60,0,Y,Y,,03,,Y,4,6,4_6_1,,N,,,,0,171213,485340,,"Rohatec kolonie, cca. 0,5km SVV od žel. zastávky Rohatec, na J straně žel. trati Hodonín-Zlín.",25-Jun,"Suchý trávník, zřejmě nesečený, bez zastínění.",půda písčitá,,6.7,?,,,,,,,,,,,,,,,,,,,,,,,,,2006,old,,,,,resampling
115658,CZ,101086,6,111,02,0937,20060525,25AD,16,180,180,1,85,0,0,40,75,0,0,0,0,0,0,0,0,0,40,5,60,0,Y,Y,,03,,Y,10,82,10_82_1,,N,,,,0,171503,485504,,"Bzenec, NPP Váté písky cca. 3,5km JZ od žel. zast. Bzenec přívoz na J straně kolejí Hodonín-Zllín.",26-Jun,"Suchý trávník na nenarušovaném, nezastíněném místě.",půda písčitá,,5.6,TFA01,Corniculario aculeatae-Corynephoretum canescentis,,,,,,,,,,,,,,,,,,,,,,,,2006,old,,,,,resampling
115670,CZ,101086,7,123,02,0937,20060623,25AD,16,170,338,4,80,0,0,60,50,0,0,0,0,0,0,0,0,0,30,5,90,0,Y,Y,,03,,Y,2,4,2_4_1,,N,,,,0,170916,485740,,"Milotice u Kyjova, PR Písečný (Miletický) rybník cca. 1km SV od milotického kostela.",38/06,"Trávník na sušším stanovišti, na povrchu půdy stařina.",půda písčitá až hlinitopísčitá,,5.6,?,,,,,,,,,,,,,,,,,,,,,,,,,2006,old,,,,,resampling
402435,CZ,,,,,Chytrý M.,20020512,TFC   - Armerion elongatae,2,190,,,,,,60,5,,,,,,,,,,,,,,N,,,,,Y,59,55,59_55_1,,N,,,,2,16.791667,48.749722,,"Valtice, louka u zámečku Randez-Vous",,,,,,,,714607,714607,,Braun/Blanquet (new),,Armerion elongatae,R22,Czechia_nvd,,,,,,,,,,,,,,,,2002,old,,,,,resampling
445394,CZ,,,,,Šumberová K.,19950604,THG   - Koelerio-Phleion phleoidis,25,155,315,5,,,,95,10,,,,,,,,,,,,,,Y,,,,,Y,58,53,58_53_1,,N,,,,2,16.920556,48.699722,,"Soutok, Břeclav - Lány, severně zámečku, 5.6 km JJV náměstí",,,,,,,,755806,755806,,Braun/Blanquet (old),,Koelerio-Phleion phleoidis,R1A,Czechia_nvd,,,,,,,,,,,,,,,,1995,old,,,,,resampling
445395,CZ,,,,,Šumberová K.,19950604,THG   - Koelerio-Phleion phleoidis,25,,225,5,,,,95,30,,,,,,,,,,,,,,Y,,,,,Y,58,54,58_54_1,,N,,,,2,16.920556,48.699722,,"Soutok, Břeclav - Lány, severně zámečku, 5.6 km JJV náměstí",,,,,,,,755807,755807,,Braun/Blanquet (old),,Koelerio-Phleion phleoidis,R1B!,Czechia_nvd,,,,,,,,,,,,,,,,1995,old,,,,,resampling
445410,CZ,,,,,Šumberová K.,19950531,THG   - Koelerio-Phleion phleoidis,25,154,,,,,,100,80,,,,,,,,,,,,,,Y,,,,,Y,31,36,31_36_1,,N,,,,2,16.935,48.6875,,"Soutok, Lanžhot - Dúbravka, mezi dvěma rameny Křenové silnice, 4.7 km JJZ kostela v obci",,,,,,,,755822,755822,,Braun/Blanquet (old),,Koelerio-Phleion phleoidis,R1A,Czechia_nvd,,,,,,,,,,,,,,,,1995,old,,,,,resampling
445416,CZ,,,,,Šumberová K.,19950531,THG   - Koelerio-Phleion phleoidis,25,,135,5,,,,70,60,,,,,,,,,,,,,,Y,,,,,Y,31,35,31_35_1,,N,,,,2,16.934167,48.690278,,"Soutok, Lanžhot - Dúbravka, severní část hrúdu, 4.4 km JJZ kostela v obci",,,,,,,,755828,755828,,Braun/Blanquet (old),,Koelerio-Phleion phleoidis,R1A,Czechia_nvd,,,,,,,,,,,,,,,,1995,old,,,,,resampling
445417,CZ,,,,,Šumberová K.,19950531,THG   - Koelerio-Phleion phleoidis,25,154,113,5,,,,75,70,,,,,,,,,,,,,,Y,,,,,Y,31,34,31_34_1,,N,,,,2,16.934167,48.690278,,"Soutok, Lanžhot - Dúbravka, severní část hrúdu, 4.4 km JJZ kostela v obci",,,,,,,,755829,755829,,Braun/Blanquet (old),,Koelerio-Phleion phleoidis,R1A,Czechia_nvd,,,,,,,,,,,,,,,,1995,old,,,,,resampling
445422,CZ,,,,,Šumberová K.,19950531,THG   - Koelerio-Phleion phleoidis,25,155,,,,,,95,30,,,,,,,,,,,,,,Y,,,,,Y,32,37,32_37_1,,N,,,,2,16.925,48.705,,"Soutok, Břeclav - Lány, JJV zámečku, 6.3 km JJV náměstí",,,,,,,,755834,755834,,Braun/Blanquet (old),,Koelerio-Phleion phleoidis,R1A,Czechia_nvd,,,,,,,,,,,,,,,,1995,old,,,,,resampling
445449,CZ,,,,,Šumberová K.,19950523,THG   - Koelerio-Phleion phleoidis,25,153,,,,,,100,80,,,,,,,,,,,,,,Y,,,,,Y,41,50,41_50_1,,N,,,,2,16.959167,48.645278,,"Soutok, Lanžhot - Polínský vrch, jižní část, 9 km J kostela v obci",,,,,,,,755855,755855,,Braun/Blanquet (old),,Koelerio-Phleion phleoidis,R1P,Czechia_nvd,,,,,,,,,,,,,,,,1995,old,,,,,resampling
445450,CZ,,,,,Šumberová K.,19950523,THG   - Koelerio-Phleion phleoidis,16,153,,,,,,70,20,,,,,,,,,,,,,,Y,,,,,Y,41,51,41_51_1,,N,,,,2,16.959167,48.645278,,"Soutok, Lanžhot - Polínský vrch, severní část, 9 km J kostela v obci",,,,,,,,755856,755856,,Braun/Blanquet (old),,Koelerio-Phleion phleoidis,R1P,Czechia_nvd,,,,,,,,,,,,,,,,1995,old,,,,,resampling
445462,CZ,,,,,Šumberová K.,19970608,THG   - Koelerio-Phleion phleoidis,25,165,,,95,,,95,70,,,,,,,,,,,,,,,,Snad Peucedano oreoselini-Festucetum rupicolae,,,Y,60,56,60_56_1,,N,,,,2,16.866944,48.717778,,"Boří les, stráň nad železnicí Břeclav-Vídeň, proti Františkovu rybníku",,,,,,,,755868,755868,,Braun/Blanquet (old),,Koelerio-Phleion phleoidis,R1B,Czechia_nvd,,,,,,,,,,,,,,,,1997,old,,,,,resampling
445463,CZ,,,,,Šumberová K.,19970608,THG   - Koelerio-Phleion phleoidis,25,165,,,95,,,95,2,,,,,,,,,,,,,,,,Snad Peucedano oreoselini-Festucetum rupicolae,,,Y,60,57,60_57_1,,N,,,,2,16.866944,48.717778,,"Boří les, stráně nad železniční tratí Břeclav-Vídeň, proti Františkovu rybníku",,,,,,,,755869,755869,,Braun/Blanquet (old),,Koelerio-Phleion phleoidis,R1A,Czechia_nvd,,,,,,,,,,,,,,,,1997,old,,,,,resampling
452435,CZ,,,,,Danihelka J.,19970524,THG   - Koelerio-Phleion phleoidis,25,152,135,3,70,,,70,,,,,,,,,,,,,,,N,N,"7367d02, trvalá plocha Ivy Sedlákové",,,Y,42,52,42_52_1,,N,,,,2,16.932778,48.641944,,"Lanžhot (distr. Břeclav): Košarské louky, hrúd 2,7 km SSZ-S soutoku Moravy a Dyje",,,,,,,,759407,759407,,Braun/Blanquet (new),,Koelerio-Phleion phleoidis,R22,Czechia_nvd,,,,,,,,,,,,,,,,1997,old,,,,,resampling
401761,SK,Chytrý M. et al.,,56,,Chytrý M.,19940515,10CA02 - Peucedano oreoselini-Festucetum rupicolae (Vicherek 1962),25,150,,0,,,,90,40,,,,,,,,,,,,,,Y,Y,,,,Y,38,44,38_44_1,,N,,,,2,16.949722,48.5675,,"Borská nížina, Závod, Sandergebung Borová an der Marchaue NNW des Orts",,,,,,,,1674358,1674358,7,Braun/Blanquet (old),Peucedano oreoselini-Festucetum rupicolae (Vicherek 1962),Koelerio-Phleion phleoidis Korneck 1974,R,Slovakia_nvd,,,,,,,,,,,,,,,,1994,old,,,,,resampling
622109,SK,"Krippelová T., Krippel E.",,1,,Krippelová T.,19550101,14AA  - Corynephorion canescentis Klika 1931,25,,,,,,,,,,,,,,,,,,,,,,N,N,KC017/1,,,Y,24,28,24_28_1,,N,,,,2,17.186667,48.582222,,"Borská nížina, Lakšarská N. Ves, pri Cigánoch",,,,,,,,1692601,1692601,14,Ordinale scale (1-9),,Corynephorion canescentis Klika 1931,R,Slovakia_nvd,,,,,,,,,,,,,,,,1955,old,,,,,resampling
622119,SK,"Krippelová T., Krippel E.",,11,,Krippelová T.,19550101,14AA  - Corynephorion canescentis Klika 1931,25,,,,,,,,,,,,,,,,,,,,,,N,N,KC017/,,,Y,33,39,33_39_1,,N,,,,2,17.003889,48.442222,,"Borská nížina, Malacky, oproti Rohlíčkovi (sv. Anton)",,,,,,,,1692611,1692611,14,Ordinale scale (1-9),,Corynephorion canescentis Klika 1931,R,Slovakia_nvd,,,,,,,,,,,,,,,,1955,old,,,,,resampling
622121,SK,"Krippelová T., Krippel E.",,13,,Krippelová T.,19550101,14AA  - Corynephorion canescentis Klika 1931,25,,,,,,,,,,,,,,,,,,,,,,N,N,KC017/,,,Y,33,38,33_38_1,,N,,,,2,17.004444,48.4425,,"Borská nížina, Malacky, oproti Rohlíčkovi (sv. Anton)",,,,,,,,1692613,1692613,14,Ordinale scale (1-9),,Corynephorion canescentis Klika 1931,R1P,Slovakia_nvd,,,,,,,,,,,,,,,,1955,old,,,,,resampling
622123,SK,"Krippelová T., Krippel E.",,15,,Krippelová T.,19550101,14AA  - Corynephorion canescentis Klika 1931,25,,,,,,,,,,,,,,,,,,,,,,N,N,KC017/,,,Y,27,31,27_31_1,,N,,,,2,16.972222,48.437222,,"Borská nížina, Kostolište  na Jakubov, 500 m Z od hor. Čistá",,,,,,,,1692615,1692615,14,Ordinale scale (1-9),,Corynephorion canescentis Klika 1931,R,Slovakia_nvd,,,,,,,,,,,,,,,,1955,old,,,,,resampling
622127,SK,"Krippelová T., Krippel E.",,19,,Krippelová T.,19550101,14AA  - Corynephorion canescentis Klika 1931,25,,,,,,,,,,,,,,,,,,,,,,N,N,KC017/,,,Y,34,40,34_40_1,,N,,,,2,17.020278,48.409444,,"Borská nížina, Malacky smer Pl. Štvrtok, 500 m za Kozánkom",,,,,,,,1692619,1692619,14,Ordinale scale (1-9),,Corynephorion canescentis Klika 1931,R,Slovakia_nvd,,,,,,,,,,,,,,,,1955,old,,,,,resampling
622128,SK,"Krippelová T., Krippel E.",,20,,Krippelová T.,19550101,14AA  - Corynephorion canescentis Klika 1931,25,,,,,,,,,,,,,,,,,,,,,,Y,N,KC017/20,,,Y,40,49,40_49_1,,N,,,,2,17.069167,48.595833,,"Borská nížina, Tomky, smer Borský Jur",,,,,,,,1692620,1692620,14,Ordinale scale (1-9),,Corynephorion canescentis Klika 1931,R1Q,Slovakia_nvd,,,,,,,,,,,,,,,,1955,old,,,,,resampling
622132,SK,"Krippelová T., Krippel E.",,2,,Krippelová T.,19550101,09AA  - Festucion vaginatae Soó 1938,25,,,,,,,,,,,,,,,,,,,,,,N,N,KC030,,,Y,26,29,26_29_1,,N,,,,2,16.966111,48.435833,,"Borská nížina, Kostolište, 500 m smerom na Gajary",,,,,,,,1692624,1692624,p.60,Ordinale scale (1-9),,Festucion vaginatae Soó 1938,V38,Slovakia_nvd,,,,,,,,,,,,,,,,1955,old,,,,,resampling
622135,SK,"Krippelová T., Krippel E.",,3,,Krippelová T.,19520714,14AA  - Corynephorion canescentis Klika 1931,25,,,,80,,,,,,,,,,,,,,,,,,N,Y,"T, Thymo-Corynephoretum cladonietosum (štádium)",,,Y,24,27,24_27_1,,N,,,,2,17.174444,48.573333,,"Borská nížina, Lakšarská Nová Ves, náveterná strana 5 m presypu",,,,,,,,1692627,1692627,p.78,Ordinale scale (1-9),,Corynephorion canescentis Klika 1931,R,Slovakia_nvd,,,,,,,,,,,,,,,,1952,old,,,,,resampling
622143,SK,"Krippelová T., Krippel E.",,6,,Krippelová T.,19550101,09AA01 - Diantho serotini-Festucetum vaginatae Klika 1934,25,,,,,,,,,,,,,,,,,,,,,,N,N,FV027/6,,,Y,30,33,30_33_1,,N,,,,2,17.067222,48.422778,,"Borská nížina, Malacky-Riadok (Písniky) pri stožiari",,,,,,,,1692635,1692635,12,Ordinale scale (1-9),Diantho serotini-Festucetum vaginatae Klika 1934,Festucion vaginatae Soó 1938,R11!,Slovakia_nvd,,,,,,,,,,,,,,,,1955,old,,,,,resampling
624692,SK,"Stanová V., Šeffer J.",,3,,Stanová V.,19920526,14AA  - Corynephorion canescentis Klika 1931,24,,270,,,,,90,10,,,,,,,,,,,,,,Y,,nubialis,,,Y,38,47,38_47_1,,N,,,,2,16.949722,48.541667,,"Borská nížina, Borová pri rieke Morave",,,,,,,,1694007,1694007,1,Braun/Blanquet (new),,Corynephorion canescentis Klika 1931,R1P,Slovakia_nvd,,,,,,,,,,,,,,,,1992,old,,,,,resampling
624694,SK,"Stanová V., Šeffer J.",,5,,Stanová V.,19920526,14AA  - Corynephorion canescentis Klika 1931,25,,180,,,,,40,70,,,,,,,,,,,,,,Y,,nubialis,,,Y,38,45,38_45_1,,N,,,,2,16.949722,48.541667,,"Borská nížina, Borová pri rieke Morave",,,,,,,,1694009,1694009,1,Braun/Blanquet (new),,Corynephorion canescentis Klika 1931,V,Slovakia_nvd,,,,,,,,,,,,,,,,1992,old,,,,,resampling
624697,SK,"Stanová V., Šeffer J.",,8,,Stanová V.,19920716,14AA  - Corynephorion canescentis Klika 1931,45,,270,,,,,40,10,,,,,,,,,,,,,,Y,,nubialis,,,Y,38,46,38_46_1,,N,,,,2,16.949722,48.541667,,"Borská nížina, Borová pri rieke Morave",,,,,,,,1694012,1694012,1,Braun/Blanquet (new),,Corynephorion canescentis Klika 1931,R,Slovakia_nvd,,,,,,,,,,,,,,,,1992,old,,,,,resampling
624744,SK,Krippel E.,,1,,Krippel E.,19630101,14AA  - Corynephorion canescentis Klika 1931,25,,,,70,,,,,,,,,,,,,,,,,,N,,,,,Y,39,48,39_48_1,,N,,,,2,17.008611,48.540833,,"Borská nížina, Závod, železničná zastávka",,,,,,,,1694059,1694059,4,Braun/Blanquet (old),,Corynephorion canescentis Klika 1931,R1P,Slovakia_nvd,,,,,,,,,,,,,,,,1963,old,,,,,resampling
624745,SK,Krippel E.,,2,,Krippel E.,19630101,14AA  - Corynephorion canescentis Klika 1931,25,,,,90,,,,,,,,,,,,,,,,,,N,,,,,Y,27,30,27_30_1,,N,,,,2,16.970278,48.438889,,"Borská nížina, Kostolište - Jaubov, pri hájovni Čistá",,,,,,,,1694060,1694060,4,Braun/Blanquet (old),,Corynephorion canescentis Klika 1931,R1P,Slovakia_nvd,,,,,,,,,,,,,,,,1963,old,,,,,resampling
624750,SK,Krippel E.,,7,,Krippel E.,19630101,14AA  - Corynephorion canescentis Klika 1931,50,,,,75,,,,,,,,,,,,,,,,,,N,,,,,Y,23,26,23_26_1,,N,,,,2,17.192778,48.582778,,"Borská nížina, Lakšárska Nová Ves, Lipovec",,,,,,,,1694065,1694065,4,Braun/Blanquet (old),,Corynephorion canescentis Klika 1931,R1Q!,Slovakia_nvd,,,,,,,,,,,,,,,,1963,old,,,,,resampling
624751,SK,Krippel E.,,8,,Krippel E.,19630101,14AA  - Corynephorion canescentis Klika 1931,25,,,,75,,,,,,,,,,,,,,,,,,N,,,,,Y,29,32,29_32_1,,N,,,,2,16.970278,48.438889,,"Borská nížina, Kostolište, za betonárňou JRD",,,,,,,,1694066,1694066,4,Braun/Blanquet (old),,Corynephorion canescentis Klika 1931,R,Slovakia_nvd,,,,,,,,,,,,,,,,1963,old,,,,,resampling
638289,SK,Májeková J.,,5,,Májeková J.,20030620,14   - Koelerio-Corynephoretea Klika in Klika et Novák 1941,30,198,,,20,,,20,,,,,,,,,,,,,,,,,Orig. relevé nr: JM27. Spol. s Corynephorus canescens (Koelerio-Corynephoretea).,,,Y,36,42,36_42_1,,N,,,,2,17.1375,48.561944,,"Borská nížina, Studienka, 4 km S od kostola, pravá str.cesty",,,,,,,,1706030,1706030,13,Braun/Blanquet (new),,,R,Slovakia_nvd,,,,,,,,,,,,,,,,2003,old,,,,,resampling
638316,SK,Májeková J.,,1,,Májeková J.,20030718,33EB01 - Setario-Plantaginetum indicae Passarge 1988,36,213,,,80,,,80,40,,,,,,,,,,,,,,Y,Y,Orig. relevé nr: JM56,,,Y,35,41,35_41_1,,N,,,,2,17.136944,48.538056,,"Borská nížina, Studienka, S okraj obce, pravá str.cesty",,,,,,,,1706057,1706057,7,Braun/Blanquet (new),Setario-Plantaginetum indicae Passarge 1988,Salsolion ruthenicae Philippi 1971,V,Slovakia_nvd,,,,,,,,,,,,,,,,2003,old,,,,,resampling
645703,SK,700622,1,44,05,0080,20100713,14AA,20,200,360,1,50,0,0,50,0,0,0,0,0,0,0,0,0,0,15,0,0,0,N,N,/Orig. number=701256,01,,Y,36,43,36_43_1,,N,,,,,170849.1,483359.1,,"Lakšarská N. Ves, pole oproti mlynu Šišoláky",MV3160,opustené pole na viatych pieskoch - úhor,piesok,piesčitá,,,,,,,,,,,,,,,,,,,,,,,,,,,2010,old,,,,,resampling
1,CZ,,,,02,1120,20230501,,16,188,,,50,0,0,20,30,0,0,0,0,0,0,0,0,0,5,0,10,0,Y,Y,,01,,Y,1,1,1_1_2,square,N,,4,"Klára Klinkovská, Masaryk University",0,17.29211389,48.95597222,3,"Bzenec (okr. Hodonín), PP Vojenské cvifi?tI, 2,5 km JV od kostela sv. Jana K2titele",PKK01,"pionýrská vegetace na písku, d2íve cesta",,,5.34,,,,,,,,,,,Klara Klinkovska,115576,,,,0,,,N,,,,,,,2023,new,,,,,resampling
2,CZ,,,,02,1120,20230501,,16,191,,,80,0,0,40,70,0,0,0,0,0,0,0,0,0,10,0,30,0,Y,Y,,01,,Y,1,2,1_2_2,square,N,,4,"Klára Klinkovská, Masaryk University",0,17.29085556,48.95686667,4,"Bzenec (okr. Hodonín), PP Vojenské cvifi?tI, 2,4 km JV od kostela sv. Jana K2titele",PKK02,"suchý trávník na písku, na povrchu pady sta2ina, v okolí soliterní b2ízy a borovice",,,5.06,,,,,,,,,,,Klara Klinkovska,115577,,,,0,,,N,,,,,,,2023,new,,,,,resampling
3,CZ,,,,02,1120,20230501,,16,196,,,70,0,0,20,50,0,0,0,0,0,0,0,0,0,5,0,20,0,Y,Y,Cetraria species = Cetraria muricata,01,,Y,1,3,1_3_2,square,N,,4,"Klára Klinkovská, Masaryk University",0,17.29110278,48.95825833,3,"Bzenec (okr. Hodonín), PP Vojenské cvifi?tI, 2,3 km JV od kostela sv. Jana K2titele",PKK03,pionýrská vegetace na písku,,,4.82,,,,,,,,,,,Klara Klinkovska,115574,,,,0,,,N,,,,,,,2023,new,,,,,resampling
4,CZ,,,,02,1120,20230501,,16,197,,,70,0,0,20,50,0,0,0,0,0,0,0,0,0,5,0,20,0,Y,Y,,01,,Y,1,77,1_77_2,square,N,,4,"Klára Klinkovská, Masaryk University",0,17.29024444,48.95889444,3,"Bzenec (okr. Hodonín), PP Vojenské cvifi?tI, 2,2 km JV od kostela sv. Jana K2titele",PKK04,pionýrská vegetace na písku,,,4.9,,,,,,,,,,,Klara Klinkovska,115573,,,,0,,,N,,,,,,,2023,new,,,,,resampling
6,CZ,,,,02,1120,20230507,,16,181,225,2,80,0,0,70,70,0,0,0,0,0,0,0,0,0,15,0,30,0,Y,Y,,01,,Y,2,4,2_4_2,square,N,,4,"Klára Klinkovská, Masaryk University",0,17.15500833,48.96134167,3,"Milotice (okr. Hodonín), PR Písefný rybník, cca 1,2 km SV od kostela V?ech svatých",PKK06,"suchý trávník s Armeria elongata, sefeno",,,5.38,,,,,,,,,,,Klara Klinkovska,115670,,,,0,,,N,,,,,,,2023,new,,,,,resampling
7,CZ,,,,02,1120,20230507,,16,191,360,2,80,0,0,70,70,0,0,0,0,0,0,0,0,0,20,0,35,0,Y,Y,,01,,Y,3,5,3_5_2,square,N,,4,"Klára Klinkovská, Masaryk University",0,17.19701944,48.92290833,3,"Ratí?kovice (okr. Hodonín), osada Rúdník, cca 1,7 km V od kostela sv. Cyrila a MetodIje",PKK07,"suchý trávník u okraje vysázeného borového lesa, pasené",,,6.22,,,,,,,,,,,Klara Klinkovska,115627,,,,0,,,N,,,,,,,2023,new,,,,,resampling
8,CZ,,,,02,1120,20230507,,16,193,180,2,85,0,0,70,45,0,0,0,0,0,0,0,0,0,25,0,70,0,Y,Y,,01,,Y,4,6,4_6_2,square,N,,4,"Klára Klinkovská, Masaryk University",0,17.20425,48.8953,3,"Rohatec-Kolonie (okr. Hodonín), cca 2,3 km SV od kostela sv. BartolomIje, J od kolejí",PKK08,"suchý trávník, nesefeno",,,6.33,,,,,,,,,,,Klara Klinkovska,115657,,,,0,,,N,,,,,,,2023,new,,,,,resampling
9,CZ,,,,02,1120,20230507,,16,201,225,40,70,0,0,50,30,0,0,0,0,0,0,0,0,0,25,0,90,0,Y,Y,,01,,Y,5,7,5_7_2,square,N,,4,"Klára Klinkovská, Masaryk University",0,17.19928333,48.89726667,3,"Rohatec-Kolonie (okr. Hodonín), cca 2,3 km SV od kostela sv. BartolomIje, svah na SV stranI trati do Ratí?kovic",PKK09,suchý trávník ve svahu,,,5.53,,,,,,,,,,,Klara Klinkovska,115560,,,,0,,,N,,,,,,,2023,new,,,,,resampling
10,CZ,,,,02,1120,20230519,,16,187,,,60,0,0,35,50,0,0,0,0,0,0,0,0,0,15,0,50,0,Y,Y,,01,,Y,6,8,6_8_2,square,N,,,"Klára Klinkovská, Masaryk University",0,17.30517222,48.963975,3,"Bzenec-Ol?ovec (okr. Hodonín), cca 1 km JV od oeleznifní stanice Bzenec-Ol?ovec, NPP Váté písky, na V od trati",PKK10,"otev2ené stanovi?tI na písku, vysekané a vypálené borovice",,,4.9,,,,,,,,,,,Klara Klinkovska,,,,,0,,,N,,,,,,,2023,new,,,,,resampling
11,CZ,,,,02,1120,20230519,,16,190,270,2,80,0,0,60,50,0,0,0,0,0,0,0,0,0,20,0,60,0,Y,Y,,01,,Y,6,9,6_9_2,square,N,,,"Klára Klinkovská, Masaryk University",0,17.30441944,48.96270833,3,"Bzenec-Ol?ovec (okr. Hodonín), cca 1,1 km JV od oeleznifní stanice Bzenec-Ol?ovec, NPP Váté písky, V od trati",PKK11,"suchý trávník na písku s kavylem, mIlká pada s kamínky, vy2ezané a vypálené borovice",,,6.25,,,,,,,,,,,Klara Klinkovska,,,,,0,,,N,,,,,,,2023,new,,,,,resampling
12,CZ,,,,02,1120,20230519,,16,195,,0,60,0,0,40,30,0,0,0,0,0,0,0,0,0,10,0,60,0,Y,Y,,01,,Y,6,78,6_78_2,square,N,,,"Klára Klinkovská, Masaryk University",0,17.29120833,48.93795,3,"Bzenec-P2ívoz (okr. Hodonín), cca 200 m SV od oeleznifní stanice Bzenec-P2ívoz, V od trati",PKK12,"suchý trávník na písku, pravdIpodobnI obfas naru?ované",,,6.88,,,,,,,,,,,Klara Klinkovska,115548,,,,0,,,N,,,,,,,2023,new,,,,,resampling
14,CZ,,,,02,1120,20230519,,16,196,,0,80,0,0,75,30,0,0,0,0,0,0,0,0,0,15,0,60,0,Y,Y,,01,,Y,6,79,6_79_2,square,N,,,"Klára Klinkovská, Masaryk University",0,17.29620556,48.94501389,3,"Bzenec-P2ívoz (okr. Hodonín), cca 1 km SSV od oeleznifní stanice Bzenec-P2ívoz, NPP Váté písky, Z od trati",PKK14,"suchý trávník na vyvý?ené terase nad tratí, mIlká pada s kameny, sefené",,,5.97,,,,,,,,,,,Klara Klinkovska,,,,,0,,,N,,,,,,,2023,new,,,,,resampling
15,CZ,,,,02,1120,20230529,,16,210,270,5,80,0,0,50,50,0,0,0,0,0,0,0,0,0,25,0,70,0,Y,Y,,01,,Y,7,10,7_10_2,square,N,,4,"Klára Klinkovská, Masaryk University",0,17.138425,48.89388056,3,"Hodonín-Pánov (okr. Hodonín), cca 4,3 km SSV od oeleznifní stanice Hodonín, PP Pánov",PKK15,"suchý trávník na písku, pravdIpodobnI obfas naru?ované, sefené",,,5.25,,,,,,,,,,,Klara Klinkovska,115566,,,,0,,,N,,,,,,,2023,new,,,,,resampling
16,CZ,,,,02,1120,20230529,,16,208,270,3,80,0,0,60,40,0,0,0,0,0,0,0,0,0,30,0,80,0,Y,Y,,01,,Y,7,11,7_11_2,square,N,,4,"Klára Klinkovská, Masaryk University",0,17.138075,48.89504722,3,"Hodonín-Pánov (okr. Hodonín), cca 4,4 km SSV od oeleznifní stanice Hodonín, PP Pánov",PKK16,"suchý trávník na písku, bez managementu, okolo mladé akáty, plochy zarostlé Solidago gigantea",,,5.04,,,,,,,,,,,Klara Klinkovska,115567,,,,0,,,N,,,,,,,2023,new,,,,,resampling
17,CZ,,,,02,1120,20230529,,16,202,270,2,85,0,0,75,30,0,0,0,0,0,0,0,0,0,25,0,80,0,Y,Y,,01,,Y,7,12,7_12_2,square,N,,4,"Klára Klinkovská, Masaryk University",0,17.13707222,48.89319167,3,"Hodonín-Pánov (okr. Hodonín), cca 4,2 km SSV od oeleznifní stanice Hodonín, PP Pánov",PKK17,"suchý trávník na písku, pravdIpodobnI sefeno",,,5.13,,,,,,,,,,,Klara Klinkovska,115608,,,,0,,,N,,,,,,,2023,new,,,,,resampling
18,CZ,,,,02,1120,20230529,,16,197,,0,85,0,0,80,20,0,0,0,0,0,0,0,0,0,30,0,100,0,Y,Y,,01,,Y,7,80,7_80_2,square,N,,4,"Klára Klinkovská, Masaryk University",0,17.13564444,48.88983611,3,"Hodonín-Pánov (okr. Hodonín), cca 3,8 km SSV od oeleznifní stanice Hodonín, PP Pánov",PKK18,"suchý trávník na písku, nesefený, zarastající t2tinou",,,5.35,,,,,,,,,,,Klara Klinkovska,115616,,,,0,,,N,,,,,,,2023,new,,,,,resampling
19,CZ,,,,02,1120,20230529,,16,202,,0,90,0,0,60,50,0,0,0,0,0,0,0,0,0,20,0,70,0,Y,Y,,01,,Y,7,13,7_13_2,square,N,,4,"Klára Klinkovská, Masaryk University",0,17.13592222,48.89126944,3,"Hodonín-Pánov (okr. Hodonín), cca 4 km SSV od oeleznifní stanice Hodonín, PP Pánov",PKK19,"suchý trávník na písku, pravdIpodobnI sefeno, naru?ované",,,5.39,,,,,,,,,,,Klara Klinkovska,115617,,,,0,,,N,,,,,,,2023,new,,,,,resampling
20,CZ,,,,02,1120,20230529,,16,207,,0,80,0,0,60,50,0,0,0,0,0,0,0,0,0,25,0,90,0,Y,Y,,01,,Y,7,81,7_81_2,square,N,,4,"Klára Klinkovská, Masaryk University",0,17.14212778,48.88679444,3,"Hodonín-Pánov (okr. Hodonín), cca 3,7 km SSV od oeleznifní stanice Hodonín, PP Pánov",PKK20,"suchý trávník na písku, pravdIpodobnI naru?ované",,,5.72,,,,,,,,,,,Klara Klinkovska,115556,,,,0,,,N,,,,,,,2023,new,,,,,resampling
21,CZ,,,,02,1120,20230603,,16,151,,0,70,0,0,70,1,0,0,0,0,0,0,0,0,0,40,0,150,0,Y,Y,,01,,Y,8,14,8_14_2,square,N,,4,"Klára Klinkovská, Masaryk University",0,16.86144444,48.73804167,3,"B2eclav-Po?torná (okr. B2´eclav), cca 400 m Z od oeleznifní stanice Bo2í les, J od trati",PKK21,"suchý trávník na písku, nesefené, zarastající ovsíkem, mIlká pada s kamením",,,7.3,,,,,,,,,,,Klara Klinkovska,115564,,,,0,,,N,,,,,,,2023,new,,,,,resampling
22,CZ,,,,02,1120,20230603,,16,183,,0,75,0,0,75,1,0,0,0,0,0,0,0,0,0,50,0,150,0,Y,Y,,01,,Y,8,15,8_15_2,square,N,,4,"Klára Klinkovská, Masaryk University",0,16.84,48.73925833,3,"B2eclav-Po?torná (okr. B2´eclav), cca 2 km Z od oeleznifní stanice Bo2í les, J od trati",PKK22,"suchý trávník mezi kolejemi a okrajem lesa, bez managementu, zarastající t2tinou a d2evinami",,,6.89,,,,,,,,,,,Klara Klinkovska,115553,,,,0,,,N,,,,,,,2023,new,,,,,resampling
23,CZ,,,,02,1120,20230603,,12,167,,0,25,30,0,25,0,0,0,0,0,0,10,6,0,0,10,0,30,0,Y,Y,,01,,Y,8,16,8_16_2,rectangle 2x6 m,N,,4,"Klára Klinkovská, Masaryk University",0,16.84691111,48.7386,5,"B2eclav-Po?torná (okr. B2´eclav), cca 1,5 km Z od oeleznifní stanice Bo2í les, J od trati",PKK23,"se?lapávaná lesní cesta na písku, mIlká pada s kamínky",,,7.46,,,,,,,,,,,Klara Klinkovska,115554,,,,0,,,N,,,,,,,2023,new,,,,,resampling
24,CZ,,,,02,1120,20230608,,16,190,45,2,90,0,0,75,30,0,0,0,0,0,0,0,0,0,30,0,80,0,Y,Y,,01,,Y,9,17,9_17_2,square,N,,4,"Klára Klinkovská, Masaryk University",0,17.21095833,48.9031,3,"Rohatec, osada SoboOky (okr. Hodonín), cca 1.5 km SV od oeleznifní stanice Rohatec, Z b2eh dolního rybníka",PKK24,"nesefený suchý trávník zarastající Calamagrostis epigejos, juv. d2evinami, Solidago gigantea",,,5.01,,,,,,,,,,,Klara Klinkovska,115650,,,,0,,,N,,,,,,,2023,new,,,,,resampling
25,CZ,,,,02,1120,20230608,,16,187,90,10,95,0,0,70,60,0,0,0,0,0,0,0,0,0,30,0,100,0,Y,Y,,01,,Y,9,18,9_18_2,square,N,,4,"Klára Klinkovská, Masaryk University",0,17.20635833,48.90785556,3,"Rohatec, osada SoboOky (okr. Hodonín), cca 1.8 km SSV od oeleznifní stanice Rohatec",PKK25,"suchý trávník na hranI svahu, pravdIpodobnI sefeno",,,5.92,,,,,,,,,,,Klara Klinkovska,115653,,,,0,,,N,,,,,,,2023,new,,,,,resampling
26,CZ,,,,02,1120,20230608,,16,195,90,10,95,0,0,80,70,0,0,0,0,0,0,0,0,0,60,0,100,0,Y,Y,,01,,Y,9,19,9_19_2,square,N,,4,"Klára Klinkovská, Masaryk University",0,17.20560556,48.90850833,4,"Rohatec, osada SoboOky (okr. Hodonín), cca 1.8 km SSV od oeleznifní stanice Rohatec",PKK26,"nesefený suchý trávník s Calamagrostis epigejos zarastající juvenilními ke2i, na vrcholu svahu",,,4.81,,,,,,,,,,,Klara Klinkovska,115652,,,,0,,,N,,,,,,,2023,new,,,,,resampling
27,CZ,,,,02,1120,20230608,,16,175,,0,55,0,0,40,15,0,0,0,0,0,0,0,0,0,20,0,40,0,Y,Y,,01,,Y,10,20,10_20_2,square,N,,,"Klára Klinkovská, Masaryk University",0,17.23505,48.91066389,3,"Rohatec, osada SoboOky (okr. Hodonín), cca 3.3 km SV od oeleznifní stanice Rohatec, NPP Váté písky, S strana kolejí",PKK27,iniciální vegetace na písku,,,4.82,,,,,,,,,,,Klara Klinkovska,,,,,0,,,N,,,,,,,2023,new,,,,,resampling
28,CZ,,,,02,1120,20230608,,16,194,180,1,85,0,0,65,50,0,0,0,0,0,0,0,0,0,25,0,90,0,Y,Y,Cladonia chlorophaea = C. chlorophaea agg.,01,,Y,10,21,10_21_2,square,N,,4,"Klára Klinkovská, Masaryk University",0,17.25194722,48.91812222,3,"Bzenec-P2ívoz (okr. Hodonín), cca 3.4 km JZ od oeleznifní stanice Bzenec-P2ívoz, Váté písky, J strana kolejí",PKK28,"suchý trávník na písku, sefené",,,5.15,,,,,,,,,,,Klara Klinkovska,115658,,,,0,,,N,,,,,,,2023,new,,,,,resampling
29,CZ,,,,02,1120,20230608,,16,184,180,2,85,0,0,65,50,0,0,0,0,0,0,0,0,0,25,0,70,0,Y,Y,Cladonia chlorophaea = C. chlorophaea agg.,01,,Y,10,82,10_82_2,square,N,,4,"Klára Klinkovská, Masaryk University",0,17.26060556,48.92280278,3,"Bzenec-P2ívoz (okr. Hodonín), cca 2,6 km JZ od oeleznifní stanice Bzenec-P2ívoz, NPP Váté písky, S strana kolejí",PKK29,"suchý trávník na písku, sefené",,,5.13,,,,,,,,,,,Klara Klinkovska,115585,,,,0,,,N,,,,,,,2023,new,,,,,resampling
30,CZ,,,,02,1120,20230608,,16,194,,0,90,0,0,85,40,0,0,0,0,0,0,0,0,0,30,0,100,0,Y,Y,Cladonia chlorophaea = C. chlorophaea agg.,01,,Y,10,86,10_86_2,square,N,,4,"Klára Klinkovská, Masaryk University",0,17.26381944,48.92367778,3,"Bzenec-P2ívoz (okr. Hodonín), cca 2,4 km JZ od oeleznifní stanice Bzenec-P2ívoz, NPP Váté písky, J strana kolejí",PKK30,"suchý trávník na písku, sefené",,,5.05,,,,,,,,,,,Klara Klinkovska,115586,,,,0,,,N,,,,,,,2023,new,,,,,resampling
32,CZ,,,,02,1120,20230612,,16,200,135,3,90,0,0,85,50,0,0,0,0,0,0,0,0,0,50,0,100,0,Y,Y,Cladonia chlorophaea = C. chlorophaea agg.,01,,Y,1,22,1_22_2,square,N,,4,"Klára Klinkovská, Masaryk University",0,17.29059722,48.95378333,3,"Bzenec (okr. Hodonín), cca 2,6 km JV od oeleznifní stanice Bzenec, PP Vojenské cvifi?tI",PKK32,nesefený suchý trávník s Calamagrostis epigejos u okraje lesa,,,4.7,,,,,,,,,,,Klara Klinkovska,115577,,,,0,,,N,,,,,,,2023,new,,,,,resampling
33,CZ,,,,02,1120,20230612,,16,200,135,2,95,0,0,80,60,0,0,0,0,0,0,0,0,0,25,0,70,0,Y,Y,,01,,Y,1,23,1_23_2,square,N,,4,"Klára Klinkovská, Masaryk University",0,17.29170556,48.95886667,3,"Bzenec (okr. Hodonín), cca 2,4 km VJV od oeleznifní stanice Bzenec, PP Vojenské cvifi?tI",PKK33,"suchý trávník na písku, pravdIpodobnI sefené",,,5.27,,,,,,,,,,,Klara Klinkovska,115573,,,,0,,,N,,,,,,,2023,new,,,,,resampling
34,CZ,,,,02,1120,20230612,,16,195,135,2,90,0,0,90,50,0,0,0,0,0,0,0,0,0,40,0,90,0,Y,Y,,01,,Y,1,83,1_83_2,square,N,,4,"Klára Klinkovská, Masaryk University",0,17.28926111,48.96084722,3,"Bzenec (okr. Hodonín), cca 2,1 km VJV od oeleznifní stanice Bzenec, PP Vojenské cvifi?tI",PKK34,"suchý trávník s Calamagrostis epigejos, nesefené, ?í2í se juvenilní ke2e",,,6.97,,,,,,,,,,,Klara Klinkovska,115552,,,,0,,,N,,,,,,,2023,new,,,,,resampling
36,CZ,,,,02,1120,20230612,,16,193,,0,85,0,0,80,10,0,0,0,0,0,0,0,0,0,30,0,150,0,Y,Y,,01,,Y,13,24,13_24_2,square,N,,4,"Klára Klinkovská, Masaryk University",0,17.24826667,48.97141389,3,"Bzenec (okr. Hodonín), cca 1,1 km ZSZ od oeleznifní stanice Bzenec",PKK36,zarastající suchý trávník u opu?tIného tenisového kurtu,,,6.61,,,,,,,,,,,Klara Klinkovska,115642,,,,0,,,N,,,,,,,2023,new,,,,,resampling
38,CZ,,,,02,1120,20230612,,16,183,315,5,80,0,0,70,45,0,0,0,0,0,0,0,0,0,35,0,90,0,Y,Y,,01,,Y,12,25,12_25_2,square,N,,4,"Klára Klinkovská, Masaryk University",0,17.20306111,48.911675,3,"Rohatec (okr. Hodonín), cca 2,1 km SSV  od oeleznifní stanice Rohatec",PKK38,"suchý trávník na písku, sefené",,,5.03,,,,,,,,,,,Klara Klinkovska,115628,,,,0,,,N,,,,,,,2023,new,,,,,resampling
39,SK,,,,00,1120,20240419,,49,230,,0,,7,0,30,75,5,0,10,0,0,0,0,0,0,15,0,45,0,N,N,,01,,Y,23,26,23_26_2,square,N,,3,"Klára Klinkovská, Masaryk University",0,17.19141616,48.58779686,0,"Lakšárska Nová Ves (distr. Senica), Lipovec, 1.5 km NNE from the church of St. Lawrence",PKK051,"clearing in a pine forest, ruderalized",,,,,,,,,,,,,,"Klara Klinkovska, Branislav Kopcan",624750,Y,N,N,2,,,N,17.19151045,48.58780694,17.19151916,48.58774158,0,0,2024,new,,,,,resampling
40,SK,,,,00,1120,20240419,,25,225,280,2,,0,0,7,1,10,0,1,0,0,0,0,0,0,7,0,15,0,N,N,,01,,Y,24,27,24_27_2,square,N,,3,"Klára Klinkovská, Masaryk University",0,17.1757517,48.5821878,0,"Lakšárska Nová Ves (distr. Senica), 1 km NW from the church of St. Lawrence",PKK052,"sand dune near the village, disturbed (motocross?),  pine and Robinia forest nearby",,,,,,,,,,,,,,"Klara Klinkovska, Branislav Kopcan",622135,Y,N,N,82,,strongly disturbed,Y,0,0,17.17578073,48.58212502,17.17571941,48.58214654,2024,new,,,,,resampling
42,SK,,,,00,1120,20240419,,25,225,180,1,,0,0,12,15,45,0,3,0,0,0,0,0,0,7,0,25,0,N,N,,01,,Y,24,28,24_28_2,square,N,,3,"Klára Klinkovská, Masaryk University",0,17.17744133,48.58306436,0,"Lakšárska Nová Ves (distr. Senica), 1 km NW from the church of St. Lawrence",PKK053,"sand dune near the village, pine and Robinia forest nearby",,,,,,,,,,,,,,"Klara Klinkovska, Branislav Kopcan",622109,Y,N,N,25,,,N,17.17750508,48.58303177,17.17746211,48.58299431,17.17740702,48.58302469,2024,new,,,,,resampling
46,SK,,,,00,1120,20240422,,25,160,,0,,0,0,45,75,5,0,30,0,0,0,0,0,0,15,0,40,0,N,N,,01,,Y,26,29,26_29_2,square,N,,3,"Klára Klinkovská, Masaryk University",0,16.97150636,48.45035016,0,"Kostolište (distr. Malacky), 1.2 km NW from the church of St. Martin",PKK057,"grassland under the power lines, in the surroundings expansion of Solidago and Calamagrostis and yo",,,,,,,,,,,,,,"Klara Klinkovska, Branislav Kopcan, Mirjana Cuk",622132,Y,N,N,2,,,N,16.97157511,48.45035624,16.97157149,48.45031018,16.97150318,48.45030552,2024,new,,,,,resampling
47,SK,,,,00,1120,20240422,,25,155,,0,,0,0,50,55,1,0,40,0,0,0,0,0,0,15,0,45,0,N,N,,01,,Y,27,30,27_30_2,square,N,,3,"Klára Klinkovská, Masaryk University",0,16.96128514,48.42212433,0,"Jakubov (distr. Malacky), 2.7 km NEE from the church of St. Philip and Jacob",PKK058,"abandoned sand grassland, new pine plantation nearby",,,,,,,,,,,,,,"Klara Klinkovska, Branislav Kopcan, Mirjana Cuk",622139,Y,N,N,8,,abandoned,N,16.96134704,48.42214306,16.96136849,48.42209976,16.96130605,48.42208078,2024,new,,,,,resampling
48,SK,,,,00,1120,20240422,,25,155,,0,,0,0,55,10,1,0,30,0,0,0,0,0,0,10,0,30,0,N,N,Boraginaceae .1,01,,Y,27,31,27_31_2,square,N,,3,"Klára Klinkovská, Masaryk University",0,16.96136195,48.42226138,0,"Jakubov (distr. Malacky), 2.7 km NEE from the church of St. Philip and Jacob",PKK059,"abandoned sand grassland, new pine plantation nearby",,,,,,,,,,,,,,"Klara Klinkovska, Branislav Kopcan, Mirjana Cuk",622125,Y,N,N,15,,abandoned,N,16.9614341,48.42226112,16.96143622,48.42221376,16.96136664,48.42221518,2024,new,,,,,resampling
50,SK,,,,00,1120,20240422,,25,155,,0,,0,0,35,60,5,0,25,0,0,0,0,0,0,15,0,30,0,N,N,cf. Crepis tectorum,01,,Y,29,32,29_32_2,square,N,,3,"Klára Klinkovská, Masaryk University",0,16.97074284,48.44192246,0,"Kostolište (distr. Malacky), 1.4 km SW from the church of St. Martin",PKK061,disturbed sandy patch between pine forest and industrial buildings,,,,,,,,,,,,,,"Klara Klinkovska, Branislav Kopcan, Mirjana Cuk",624751,Y,N,N,10,,disturbed,N,16.97080841,48.44191012,16.9707894,48.44186566,16.970724,48.44187908,2024,new,,,,,resampling
51,SK,,,,00,1120,20240422,,25,180,,0,,0,0,55,10,0,0,8,0,0,0,0,0,0,15,0,55,0,N,N,,01,,Y,30,33,30_33_2,square,N,,3,"Klára Klinkovská, Masaryk University",0,17.0473066,48.44235454,0,"Malacky (distr. Malacky), 2 km NE from the train station",PKK062,"small patch with sand specialists, expansion of Solidago in the surroundings",,,,,,,,,,,,,,"Klara Klinkovska, Branislav Kopcan, Mirjana Cuk",622142,Y,N,N,30,,abandoned,N,17.04737541,48.44235684,17.04737645,48.44230939,17.04730594,48.44230881,2024,new,,,,,resampling
52,CZ,,,,00,1120,20240426,,25,155,,0,,0,0,60,60,0,0,2,0,0,0,0,0,0,15,0,30,0,N,N,,01,,Y,31,34,31_34_2,square,N,,4,"Klára Klinkovská, Masaryk University",0,16.93447191,48.68874171,5,"Lanžhot (distr. Břeclav), Soutok, Dúbravka, 4.6 km SW from the church",PKK063,dry grassland between roads,,,,,,,,,,,,,,Klara Klinkovska,445410,Y,N,N,2,,mowed,N,0,0,0,0,0,0,2024,new,,,,,resampling
53,CZ,,,,00,1120,20240426,,25,155,,0,,0,0,80,50,1,0,8,0,0,0,0,0,0,25,0,60,0,N,N,,01,,Y,31,35,31_35_2,square,N,,3,"Klára Klinkovská, Masaryk University",0,16.93353895,48.69006863,0,"Lanžhot (distr. Břeclav), Soutok, Dúbravka, 4.5 km SW from the church",PKK064,"dry grassland, grazing of wild animals",,,,,,,,,,,,,,Klara Klinkovska,445417,Y,N,N,5,,"mowed, grazed",N,0,0,16.9336034,48.69001641,16.93353312,48.69002207,2024,new,,,,,resampling
54,CZ,,,,00,1120,20240426,,25,155,110,2,,0,0,85,40,0,0,5,0,0,0,0,0,0,15,0,40,0,N,N,,01,,Y,31,36,31_36_2,square,N,,4,"Klára Klinkovská, Masaryk University",0,16.9340538,48.6904002,5,"Lanžhot (distr. Břeclav), Soutok, Dúbravka, 4.5 km SW from the church",PKK065,"dry grassland, grazing of wild animals",,,,,,,,,,,,,,Klara Klinkovska,445416,Y,N,N,1,,"mowed, grazed",N,0,0,0,0,0,0,2024,new,,,,,resampling
55,CZ,,,,00,1120,20240426,,25,155,,0,,0,0,90,20,0,0,7,0,0,0,0,0,0,10,0,50,0,N,N,Agrostis cf. vinealis,01,,Y,32,37,32_37_2,square,N,,3,"Klára Klinkovská, Masaryk University",0,16.92168208,48.70818364,0,"Lanžhot (distr. Břeclav), Soutok, 500 m SE from Lány castle, 3.8 km SW from the church",PKK066,"dry grassland, grazing of wild animals",,,,,,,,,,,,,,Klara Klinkovska,445422,Y,N,N,5,,"mowed, grazed",N,16.92175224,48.70818568,16.92175316,48.70813955,16.92168239,48.70813603,2024,new,,,,,resampling
56,SK,,,,00,1120,20240506,,25,155,,0,,0,0,45,60,15,0,15,0,0,0,0,0,0,15,0,70,0,N,N,,01,,Y,33,38,33_38_2,square,N,,3,"Klára Klinkovská, Masaryk University",0,17.01029725,48.46881439,0,"Kostolište (distr. Malacky), 3 km NE from the church of St. Martin",PKK080,"disturbed sandy patch, motocross",,,,,,,,,,,,,,"Klara Klinkovska, Milan Valachovic",622120,Y,N,N,8,,"disturbed, motocross",N,17.01036233,48.46879789,17.01034794,48.46875363,17.01028162,48.46876842,2024,new,,,,,resampling
57,SK,,,,00,1120,20240506,,25,155,,0,,0,0,30,0,0,0,5,0,0,0,0,0,0,15,0,40,0,N,N,,01,,Y,33,39,33_39_2,square,N,,3,"Klára Klinkovská, Masaryk University",0,17.00661028,48.46947099,0,"Kostolište (distr. Malacky), 2.9 km NE from the church of St. Martin",PKK081,"disturbed sandy patch, motocross",,,,,,,,,,,,,,"Klara Klinkovska, Milan Valachovic",622119,Y,N,N,70,,"disturbed, motocross",N,17.00667629,48.4694532,17.00664964,48.46941077,17.00658565,48.4694275,2024,new,,,,,resampling
58,SK,,,,00,1120,20240506,,25,175,,0,,0,0,25,30,0,0,25,0,0,0,0,0,0,15,0,40,0,N,N,,01,,Y,34,40,34_40_2,square,N,,3,"Klára Klinkovská, Masaryk University",0,17.03039723,48.39409358,0,"Plavecký Štvrtok (distr. Malacky), u rybníka Tančibok, 3.2 km NE from the church",PKK082,"sandy patch, dry planted pines",,,,,,,,,,,,,,"Klara Klinkovska, Milan Valachovic",622127,Y,N,N,20,,,N,17.03045751,48.39406795,17.03042479,48.39402703,17.03036686,48.39405261,2024,new,,,,,resampling
59,SK,,,,00,1120,20240506,,36,215,,0,,0,0,50,1,0,0,10,0,0,0,0,0,0,25,0,60,0,N,N,Festuca ovina = F. guestfalica,01,,Y,35,41,35_41_2,square,N,,3,"Klára Klinkovská, Masaryk University",0,17.13485033,48.53740228,0,"Studienka (distr. Malacky), 1.2 km N from the church",PKK083,open sand vegetation,,,,,,,,,,,,,,"Klara Klinkovska, Milan Valachovic",638316,Y,N,N,40,,,N,17.13492616,48.53738571,17.13491363,48.53733331,17.13483781,48.53734797,2024,new,,,,,resampling
60,SK,,,,00,1120,20240506,,30,200,,0,,0,0,15,0,0,0,4,0,0,0,0,0,0,15,0,30,0,N,N,,01,,Y,36,42,36_42_2,rectangle 6x5 m,N,,3,"Klára Klinkovská, Masaryk University",0,17.13707716,48.56346637,0,"Lakšárska Nová Ves (distr. Senica), 3.7 km SWW from the church, S from the road",PKK084,"abandoned field, spontaneous succession of sand vegetation",,,,,,,,,,,,,,"Klara Klinkovska, Milan Valachovic",638289,Y,N,N,80,,,N,17.13714365,48.56347469,17.13715147,48.56342057,17.13708481,48.56341302,2024,new,,,,,resampling
61,SK,,,,00,1120,20240506,,20,200,,0,,0,0,25,0,0,0,10,0,0,0,0,0,0,15,0,30,0,N,N,,01,,Y,36,43,36_43_2,rectangle 4x5 m,N,,3,"Klára Klinkovská, Masaryk University",0,17.13569383,48.56391014,0,"Lakšárska Nová Ves (distr. Senica), 3.8 km SWW from the church, N from the road",PKK085,"abandoned field, spontaneous succession of sand vegetation",,,,,,,,,,,,,,"Klara Klinkovska, Milan Valachovic",,Y,N,N,70,,,N,17.13576063,48.56391394,17.13576954,48.56387916,17.13570302,48.56387411,2024,new,,,,,resampling
63,SK,,,,00,1120,20240507,,25,150,,0,,0,0,80,40,0,0,10,0,0,0,0,0,0,25,0,50,0,N,N,,01,,Y,38,44,38_44_2,square,N,,3,"Klára Klinkovská, Masaryk University",0,16.95028122,48.55788426,0,"Moravský Svätý Ján (distr. Senica), Borová, 5.4 km SWW from the church",PKK087,dry grassland,,,,,,,,,,,,,,"Klara Klinkovska, Mirjana Cuk",624690,Y,N,N,10,Y,conservation management,N,16.95034901,48.5578963,16.95036579,48.55785093,16.9502984,48.55784016,2024,new,,,,,resampling
64,SK,,,,00,1120,20240507,,25,150,,0,,0,0,60,40,1,0,10,0,0,0,0,0,0,20,0,50,0,N,N,,01,,Y,38,45,38_45_2,square,N,,3,"Klára Klinkovská, Masaryk University",0,16.95140379,48.55682973,0,"Moravský Svätý Ján (distr. Senica), Borová, 5.4 km SWW from the church",PKK088,pioneer sand vegetation with Bromus tectorum,,,,,,,,,,,,,,"Klara Klinkovska, Mirjana Cuk",624695,Y,N,N,10,Y,conservation management,N,16.95147322,48.55682902,16.95147915,48.55678275,16.95140768,48.55678363,2024,new,,,,,resampling
65,SK,,,,00,1120,20240507,,45,150,,0,,0,0,20,25,60,0,5,0,0,0,0,0,0,10,0,30,0,N,N,,01,,Y,38,46,38_46_2,rectangle 5x9 m,N,,3,"Klára Klinkovská, Masaryk University",0,16.94866255,48.55796768,0,"Moravský Svätý Ján (distr. Senica), Borová, 5.5 km SWW from the church",PKK089,"sand vegetation with dominance of lichens, pines nearby",,,,,,,,,,,,,,"Klara Klinkovska, Mirjana Cuk",624697,Y,N,N,8,Y,conservation management,N,16.94872273,48.55795101,16.94868596,48.55787598,16.94862397,48.55789131,2024,new,,,,,resampling
66,SK,,,,00,1120,20240507,,25,150,,0,,0,0,60,10,40,0,10,0,0,0,0,0,0,25,0,90,0,N,N,,01,,Y,38,47,38_47_2,square,N,,3,"Klára Klinkovská, Masaryk University",0,16.94840225,48.55791404,0,"Moravský Svätý Ján (distr. Senica), Borová, 5.5 km SWW from the church",PKK090,sand grassland at the edge of forest,,,,,,,,,,,,,,"Klara Klinkovska, Mirjana Cuk",624698,Y,N,N,5,Y,conservation management,N,16.94846218,48.55793724,16.94849644,48.55789735,16.94843552,48.5578734,2024,new,,,,,resampling
67,SK,,,,00,1120,20240507,,25,160,,0,,0,1,45,70,5,0,8,0,0,0,0,0,0,20,0,90,0,N,N,,01,,Y,39,48,39_48_2,square,N,,3,"Klára Klinkovská, Masaryk University",0,17.00646331,48.53966599,0,"Závod (distr. Malacky), 90 m NWW from the train station",PKK091,open sandy patch between pines and Robinia,,,,,,,,,,,,,,"Klara Klinkovska, Mirjana Cuk",624744,Y,N,N,5,,,N,17.00653315,48.53966053,17.00652675,48.5396147,17.0064585,48.53961959,2024,new,,,,,resampling
68,SK,,,,00,1120,20240507,,25,180,,0,,0,0,65,0,0,0,5,0,0,0,0,0,0,25,0,40,0,N,N,,01,,Y,40,49,40_49_2,square,N,,3,"Klára Klinkovská, Masaryk University",0,17.0613204,48.60165258,0,"Borský Svätý Jur (distr. Senica), 1.7 km SE from the church of St. George",PKK092,"abandoned field, spontaneous succession of sand vegetation",,,,,,,,,,,,,,"Klara Klinkovska, Mirjana Cuk",622128,Y,N,N,30,,,N,17.06138714,48.60164048,17.06137451,48.60159527,17.06130638,48.60160709,2024,new,,,,,resampling
70,CZ,,,,00,1120,20240510,,25,150,,0,,0,0,75,5,0,0,80,0,0,0,0,0,0,25,0,80,0,N,N,,01,,Y,41,50,41_50_2,square,N,,3,"Klára Klinkovská, Masaryk University",0,0,0,0,"Lanžhot (distr. Břeclav), Soutok, 9 km S from the church",PKK094,"open Quercus forest, grazing of wild animals",,,,,,,,,,,,,,Klara Klinkovska,445400,Y,N,N,5,,grazed,N,16.95879148,48.64418001,16.9587586,48.64413874,16.95869817,48.64415969,2024,new,,,,,resampling
71,CZ,,,,00,1120,20240510,,16,150,,0,,0,0,70,20,0,0,10,0,0,0,0,0,0,25,0,60,0,N,N,,01,,Y,41,51,41_51_2,square,N,,3,"Klára Klinkovská, Masaryk University",0,16.95792887,48.64511486,0,"Lanžhot (distr. Břeclav), Soutok, 8.8 km S from the church",PKK095,"dry grassland, grazing of wild animals",,,,,,,,,,,,,,Klara Klinkovska,445450,Y,N,N,5,,grazed,N,16.95798297,48.64511669,16.95798776,48.64508087,16.95793415,48.64507901,2024,new,,,,,resampling
72,CZ,,,,00,1120,20240510,,25,150,,0,,0,0,70,20,0,0,20,0,0,0,0,0,0,35,0,90,0,N,N,,01,,Y,42,52,42_52_2,square,N,,3,"Klára Klinkovská, Masaryk University",0,16.93301201,48.64178841,0,"Lanžhot (distr. Břeclav), Soutok, 9.5 km SW from the church",PKK096,dry sandy grassland on a small local hill,,,,,,,,,,,,,,Klara Klinkovska,452435,Y,N,N,3,,,N,16.9330727,48.64176471,16.93304658,48.64172154,16.93298526,48.64174414,2024,new,,,,,resampling
73,CZ,,,,00,,20240518,,25,155,315,5,98,,,95,10,0,,45,,0,,,,,27,,,,,,,01,,Y,58,53,58_53_2,square,N,,3,"Klára Klinkovská, Masaryk University",,0,0,,"Lanžhot (distr. Břeclav), 500 m NNW from the Lány chateau",PDB01,,,,,,,,,,,,,,,Dariia Borovyk,445394,Y,N,N,1,,,N,16.9163855,48.7168575,,,16.91644311,48.71690919,2024,new,,,,,resampling
74,CZ,,,,00,,20240518,,25,155,220,5,95,,,85,40,0,,25,,0,,,,,20,,,,,,,01,,Y,58,54,58_54_2,square,N,,3,"Klára Klinkovská, Masaryk University",,0,0,,"Lanžhot (distr. Břeclav), 400 m NNW from the Lány chateau",PDB02,,,,,,,,,,,,,,,Dariia Borovyk,445395,Y,N,N,1,,,N,16.91695094,48.71574381,,,16.91702097,48.71578636,2024,new,,,,,resampling
75,CZ,,,,00,,20240519,,2,198,,0,70,,,65,15,0,,40,,0,,,,,28,,,,,,,01,,Y,59,55,59_55_2,,N,,4,"Klára Klinkovská, Masaryk University",,16.79169444,48.74975,,"Valtice (distr. Břeclav), 100 m SE from the Rendez-vous chateau",PDB03,,,,,,,,,,,,,,,Dariia Borovyk,402435,Y,N,N,5,,,N,0,0,,,0,0,2024,new,,,,,resampling
76,CZ,,,,00,,20240519,,25,165,,0,95,,,75,65,2,,25,,0,,,,,20,,,,,,,01,,Y,60,56,60_56_2,square,N,,3,"Klára Klinkovská, Masaryk University",,0,0,,"Poštorná (distr. Břeclav), 2.2 km S from the train station Boří les, PR Františkův rybník, 90 m E from the pond",PDB04,,,,,,,,,,,,,,,Dariia Borovyk,445462,Y,N,N,1,,,N,16.86681833,48.71805513,,,16.86689281,48.71809658,2024,new,,,,,resampling
77,CZ,,,,00,,20240519,,25,166,,0,95,,,90,25,0,,30,,0,,,,,25,,,,,,,01,,Y,60,57,60_57_2,square,N,,3,"Klára Klinkovská, Masaryk University",,0,0,,"Poštorná (distr. Břeclav), 2.2 km S from the train station Boří les, PR Františkův rybník, 130 m E from the pond",PDB05,,,,,,,,,,,,,,,Dariia Borovyk,445463,Y,N,N,0,,,N,16.86735947,48.71839002,,,16.86743706,48.71842756,2024,new,,,,,resampling
307878,AT,100361,,56,35,,19960820,1012,100,160,,0,95,0,0,0,0,0,0,0,0,0,0,0,0,0,0,0,0,0,N,,"Rötzer 2004, Marchfeld",,,Y,43,58,43_58_1,,,,,,2,16.66281624,48.29245471,250,Tiefenthal,,,,,,,,,,,,,,,,,,,,,,,,,,,,,,,1996,old,Arrhenatherum-Bestand,,Cirsio-Brachypodion pinnati,,resampling
307885,AT,100361,,09,35,,19960807,1012,100,152,,0,95,0,10,0,0,0,0,0,0,0,0,0,2,0,0,0,0,0,N,,"Rötzer 2004, Marchfeld",,,Y,52,84,52_84_1,,,,,,2,16.74547101,48.29702361,600,Weikendorfer Remise,,,,,,,,,,,,,,,,,,,,,,,,,,,,,,,1996,old,Bromus erectus-Bestand (Halbtrockenrasen),,Cirsio-Brachypodion pinnati,,resampling
307886,AT,100361,,18,35,,19960809,1012,100,160,,0,70,0,25,0,20,0,0,0,0,0,10,0,2,0,0,0,0,0,N,,"Rötzer 2004, Marchfeld",,,Y,44,60,44_60_1,,,,,,2,16.7922145,48.27967696,350,Schoenfelder Wacholderheide,,,,,,,,,,,,,,,,,,,,,,,,,,,,,,,1996,old,Bromus erectus-Bestand (Halbtrockenrasen),,Cirsio-Brachypodion pinnati,,resampling
307893,AT,100361,,43,35,,19960819,1012,100,160,,5,80,0,0,0,0,0,0,0,0,0,0,0,0,0,0,0,0,0,N,,"Rötzer 2004, Marchfeld",,,Y,51,71,51_71_1,,,,,,2,16.90007914,48.22466435,250,Terrassenkante der Schlosshofer Platte,,,,,,,,,,,,,,,,,,,,,,,,,,,,,,,1996,old,Bromus erectus-Bestand (Halbtrockenrasen),,Cirsio-Brachypodion pinnati,,resampling
307896,AT,100361,,54,35,,19960820,1012,100,160,,0,80,0,0,0,0,0,0,0,0,0,0,0,0,0,0,0,0,0,N,,"Rötzer 2004, Marchfeld",,,Y,43,59,43_59_1,,,,,,2,16.66859394,48.29125274,300,Tiefenthal,,,,,,,,,,,,,,,,,,,,,,,,,,,,,,,1996,old,Bromus erectus-Bestand (Halbtrockenrasen),,Cirsio-Brachypodion pinnati,,resampling
307905,AT,100361,,76,35,,19970514,1012,100,152,,0,80,0,0,0,0,0,0,0,0,0,0,0,0,0,0,0,0,0,N,,"Rötzer 2004, Marchfeld",,,Y,52,73,52_73_1,,,,,,2,16.74547101,48.29702361,600,Weikendorfer Remise,,,,,,,,,,,,,,,,,,,,,,,,,,,,,,,1997,old,Bromus erectus-Bestand (Halbtrockenrasen),,Cirsio-Brachypodion pinnati,,resampling
307908,AT,100361,,72,35,,19970512,1012,100,152,,0,80,0,1,0,2,0,0,0,0,0,0,0,2,0,0,0,0,0,N,,"Rötzer 2004, Marchfeld",,,Y,52,85,52_85_1,,,,,,2,16.74547101,48.29702361,600,Weikendorfer Remise,,,,,,,,,,,,,,,,,,,,,,,,,,,,,,,1997,old,Bromus erectus-Bestand (Halbtrockenrasen),,Cirsio-Brachypodion pinnati,,resampling
307911,AT,100361,,11,35,,19960807,1012,100,150,,0,80,5,20,0,0,0,0,0,0,0,10,0,5,0,0,0,0,0,N,,"Rötzer 2004, Marchfeld",,,Y,52,74,52_74_1,,,,,,2,16.72821469,48.29077792,250,Obersiebenbrunner Wacholderheide,,,,,,,,,,,,,,,,,,,,,,,,,,,,,,,1996,old,Bromus erectus-Bestand (Halbtrockenrasen),,Cirsio-Brachypodion pinnati,,resampling
307919,AT,100361,,84,35,,19970515,1021,100,147,,0,95,0,10,0,0,0,0,0,0,0,0,0,0.2,0,0,0,0,0,N,,"Rötzer 2004, Marchfeld",,,Y,50,69,50_69_1,,,,,,2,16.85539095,48.21667773,250,Obere Heide bei Lassee,,,,,,,,,,,,,,,,,,,,,,,,,,,,,,,1997,old,Stipa-Steppe,,Festucion valesiacae,,resampling
307926,AT,100361,,49,35,,19960820,1021,100,155,,0,60,0,20,0,30,0,0,0,0,0,0,0,3,0,0,0,0,0,N,,"Rötzer 2004, Marchfeld",,,Y,49,75,49_75_1,,,,,,2,16.81455894,48.27262495,250,Trockenrasenstreifen NNE Schönfeld,,,,,,,,,,,,,,,,,,,,,,,,,,,,,,,1996,old,Stipa-Steppe,,Festucion valesiacae,,resampling
307928,AT,100361,,71,35,,19970512,1021,100,160,,5,95,0,5,0,0,0,0,0,0,0,0,0,0.8,0,0,0,0,0,N,,"Rötzer 2004, Marchfeld",,,Y,48,65,48_65_1,,,,,,2,16.77815085,48.30035244,250,Brunnfeld  E Weikendorfer Remise,,,Sanddüne,,,,,,,,,,,,,,,,,,,,,,,,,,,,1997,old,Stipa-Steppe,,Festucion valesiacae,,resampling
307932,AT,100361,,25,35,,19960809,1021,100,155,,2,100,0,0,0,0,0,0,0,0,0,0,0,0,0,0,0,0,0,N,,"Rötzer 2004, Marchfeld",,,Y,47,64,47_64_1,,,,,,2,16.87140924,48.27218262,250,Gerichtsberg bei Marchegg,,,,,,,,,,,,,,,,,,,,,,,,,,,,,,,1996,old,Stipa-Steppe,,Festucion valesiacae,,resampling
307934,AT,100361,,42,35,,19960819,1021,100,160,,10,50,0,0,0,0,0,0,0,0,0,0,0,0,0,0,0,0,0,N,,"Rötzer 2004, Marchfeld",,,Y,51,76,51_76_1,,,,,,2,16.90007914,48.22466435,250,Terrassenkante der Schlosshofer Platte,,,,,,,,,,,,,,,,,,,,,,,,,,,,,,,1996,old,Stipa-Steppe,,Festucion valesiacae,,resampling
307947,AT,100361,,61,35,,19970510,1021,10,160,,10,50,0,0,0,20,0,0,0,0,0,0,0,0,0,0,0,0,0,N,,"Rötzer 2004, Marchfeld",,,Y,51,72,51_72_1,,,,,,2,16.91158056,48.22132303,250,Terrassenkante der Schlosshofer Platte,,,,,,,,,,,,,,,,,,,,,,,,,,,,,,,1997,old,Festuca-Rasen,,Festucion valesiacae,,resampling
307951,AT,100361,,86,35,,19970515,1021,20,145,,5,80,0,0,0,5,0,0,0,0,0,0,0,0,0,0,0,0,0,N,,"Rötzer 2004, Marchfeld",,,Y,53,70,53_70_1,,,,,,2,16.87174444,48.21074812,250,Erdpresshoehe bei Lassee,,,,,,,,,,,,,,,,,,,,,,,,,,,,,,,1997,old,Festuca-Rasen,,Festucion valesiacae,,resampling
342099,AT,100406,1,9,36,,2003,1031,20,140,,,70,0,0,70,0,0,0,0,0,0,0,0,0,0,0,0,0,0,N,,"Pauer 2005, Trockenstandorte in den Auen des unteren Mar",,,Y,45,61,45_61_1,,,,,,2,16.87372,48.32789,20,Marchauen SE Zwerndorf,,,,,,,,,,,,,,,,,,,,,,,,,,,,,,,2003,old,Peucedano oreoselini-Festucetum rupicolae,9067,Koelerio-Phleion,,resampling
342103,AT,100406,1,2,36,,2003,1031,12,140,,,60,0,0,60,0,0,0,0,0,0,0,0,0,0,0,0,0,0,N,,"Pauer 2005, Trockenstandorte in den Auen des unteren Mar",,,Y,46,62,46_62_1,,,,,,2,16.91561,48.27308,20,"Marchegg, Pulverturm",,,,,,,,,,,,,,,,,,,,,,,,,,,,,,,2003,old,Peucedano oreoselini-Festucetum rupicolae,9071,Koelerio-Phleion,,resampling
342104,AT,100406,1,1,36,,2003,1031,20,140,,,80,0,0,80,0,0,0,0,0,0,0,0,0,0,0,0,0,0,N,,"Pauer 2005, Trockenstandorte in den Auen des unteren Mar",,,Y,46,63,46_63_1,,,,,,2,16.91514,48.27275,20,"Marchegg, Pulverturm",,,,,,,,,,,,,,,,,,,,,,,,,,,,,,,2003,old,Peucedano oreoselini-Festucetum rupicolae,9072,Koelerio-Phleion,,resampling
307894,AT,Rötzer H.,,60,,,19970509,1012  - Cirsio-Brachypodion pinnati,100,160,180,5,90,,,,,,,,,,,,,,,,,,N,,"Rötzer 2004, Marchfeld",,,Y,49,68,49_68_1,,,,,,2,16.8304,48.287145,250,Oberweidener Sandberg,,,,,,,,434031,434031,,Braun-Blanquet (old),,Cirsio-Brachypodion pinnati,R1A,Austria_VINCA,,,,,,,,,,,,,,,,1997,old,,,,,resampling
307897,AT,Rötzer H.,,51,,,19960820,1012  - Cirsio-Brachypodion pinnati,100,160,,0,80,,1,,,,,,,,,,,,,,,,N,,"Rötzer 2004, Marchfeld",,,Y,49,66,49_66_1,,,,,,2,16.8304,48.287145,250,Oberweidener Sandberg,,,,,,,,434034,434034,,Braun-Blanquet (old),,Cirsio-Brachypodion pinnati,R1A,Austria_VINCA,,,,,,,,,,,,,,,,1996,old,,,,,resampling
307907,AT,Rötzer H.,,58,,,19970509,1012  - Cirsio-Brachypodion pinnati,100,160,45,5,80,,,,,,,,,,,,,,,,,,N,,"Rötzer 2004, Marchfeld",,,Y,49,67,49_67_1,,,,,,2,16.836659,48.281895,250,Oberweidener Sandberg,,,,,,,,434044,434044,,Braun-Blanquet (old),,Cirsio-Brachypodion pinnati,R1A,Austria_VINCA,,,,,,,,,,,,,,,,1997,old,,,,,resampling
101,AT,,,,00,,20240430,,100,160,,0,95,0,1,85,1,0,0,15,0,0,0,0,0,0,30,0,60,0,N,N,Hieracium sp. = Pilosella rothiana,,,Y,43,58,43_58_2,square,N,,3,"Klára Klinkovská, Masaryk University",0,16.66418303,48.29360782,0,"Gänserndorf (distr. Gänserndorf), 7.3 km SW from the train station",PKK067,"ruderalized grassland, pasture of horses",,,,,,,,,,,,,,"Klara Klinkovska, Mirjana Cuk",307878,Y,N,N,3,,grazed,N,16.6643172,48.29360343,16.66430739,48.29351971,16.66417374,48.2935185,2024,new,,,,,resampling
102,AT,,,,00,,20240430,,100,160,,0,100,0,0,90,50,1,0,20,0,0,0,0,0,0,20,0,40,0,N,N,,,,Y,43,59,43_59_2,square,N,,3,"Klára Klinkovská, Masaryk University",0,16.66456343,48.29285096,0,"Gänserndorf (distr. Gänserndorf), 7.3 km SW from the train station",PKK068,abandoned grassland,,,,,,,,,,,,,,"Klara Klinkovska, Mirjana Cuk",307896,Y,N,N,0,,abandoned,N,16.66469379,48.29286854,16.66470026,48.29277946,16.66456837,48.29276163,2024,new,,,,,resampling
103,AT,,,,00,,20240430,,100,160,,0,100,5,2,80,60,1,0,30,0,0,0,0,0,0,20,0,40,0,N,N,,,,Y,44,60,44_60_2,square,N,,3,"Klára Klinkovská, Masaryk University",0,16.79666312,48.27665121,0,"Schönfeld  im Marchfeld (distr. Gänserndorf), 1.4 km NW from the chapel",PKK069,"small patch of grassland, pine and Robinia forest nearby, shrub encroachment",,,,,,,,,,,,,,"Klara Klinkovska, Mirjana Cuk",307884,Y,N,N,2,,abandoned,N,0,0,16.79684972,48.27664523,16.79674254,48.27659301,2024,new,,,,,resampling
105,AT,,,,00,,20240501,,20,140,,0,70,0,0,70,8,0,0,15,0,0,0,0,0,0,15,0,50,0,N,N,,,,Y,45,61,45_61_2,rectangle 4x5 m,N,,3,"Klára Klinkovská, Masaryk University",0,16.87467914,48.32803084,0,"Zwerndorf (distr. Gänserndorf), 3 km SE from the church",PKK071,"disturbed sandy patch, animal feeding",,,,,,,,,,,,,,"Klara Klinkovska, Irena Axmanova",342099,Y,N,N,20,,"grazed, trampled",N,16.87474329,48.32803833,16.87476277,48.32800367,16.87468343,48.32799564,2024,new,,,,,resampling
106,AT,,,,00,,20240501,,12,140,,0,70,0,0,60,15,0,0,30,0,0,0,0,0,0,15,0,30,0,N,N,,,,Y,46,62,46_62_2,rectangle 3x4 m,N,,4,"Klára Klinkovská, Masaryk University",0,16.9155663,48.2731539,3,"Marchegg (distr. Gänserndorf), Pulverturm, 750 m SE from the church",PKK072,dry grassland near the road,,,,,,,,,,,,,,"Klara Klinkovska, Irena Axmanova",342103,Y,N,N,8,Y,"mowed, trampled",N,0,0,0,0,0,0,2024,new,,,,,resampling
107,AT,,,,00,,20240501,,20,140,240,5,70,0,0,65,5,0,0,50,0,0,0,0,0,0,20,0,50,0,N,N,,,,Y,46,63,46_63_2,rectangle 4x5 m,N,,4,"Klára Klinkovská, Masaryk University",0,16.9152187,48.2725077,3,"Marchegg (distr. Gänserndorf), Pulverturm, 800 m SE from the church",PKK073,dry grassland,,,,,,,,,,,,,,"Klara Klinkovska, Irena Axmanova",342104,Y,N,N,3,Y,conservation management,N,0,0,0,0,0,0,2024,new,,,,,resampling
108,AT,,,,00,,20240501,,100,150,90,2,70,0,0,60,15,0,0,40,0,0,0,0,0,0,20,0,50,0,N,N,,,,Y,47,64,47_64_2,square,N,,4,"Klára Klinkovská, Masaryk University",0,16.8705732,48.2717186,3,"Marchegg (distr. Gänserndorf), Gerichtsberg, 3 km SWW from the church",PKK074,dry grassland,,,,,,,,,,,,,,"Klara Klinkovska, Irena Axmanova",307932,Y,N,N,10,,grazed,N,0,0,0,0,0,0,2024,new,,,,,resampling
109,AT,,,,00,,20240502,,100,155,180,10,,0,5,60,10,0,0,60,0,0,0,0,0,0,45,0,100,0,N,N,,,,Y,48,65,48_65_2,square,N,,4,"Klára Klinkovská, Masaryk University",0,16.7786896,48.298619,0,"Oberweiden (distr. Gänserndorf), Weikendorfer Remise, 3.6 km SEE from the church",PKK075,"abandoned grassland, expansion of Calamagrostis, ruderalized",,,,,,,,,,,,,,"Klara Klinkovska, Irena Axmanova",307937,Y,N,N,5,,abandoned,N,0,0,0,0,0,0,2024,new,,,,,resampling
110,AT,,,,00,,20240502,,100,155,,0,60,0,0,55,5,0,0,30,0,0,0,0,0,0,15,0,30,0,N,N,,,,Y,49,66,49_66_2,square,N,,3,"Klára Klinkovská, Masaryk University",0,16.82840938,48.2818287,0,"Oberweiden (distr. Gänserndorf), NSG Sandberge Oberweiden, 3.1 km S from the church",PKK076,well managed dry grassland,,,,,,,,,,,,,,"Klara Klinkovska, Irena Axmanova",307680,Y,N,N,20,Y,conservation management,N,16.82854272,48.28182444,16.82852824,48.28173929,16.82840042,48.28174074,2024,new,,,,,resampling
111,AT,,,,00,,20240502,,100,155,,0,70,0,0,70,5,0,0,20,0,0,0,0,0,0,20,0,60,0,N,N,,,,Y,49,67,49_67_2,square,N,,3,"Klára Klinkovská, Masaryk University",0,16.82932058,48.27940991,0,"Oberweiden (distr. Gänserndorf), NSG Sandberge Oberweiden, 3.4 km S from the church",PKK077,well managed dry grassland,,,,,,,,,,,,,,"Klara Klinkovska, Irena Axmanova",307909,Y,N,N,10,Y,conservation management,N,16.8294268,48.27935075,16.82934755,48.27928602,16.8292488,48.27933825,2024,new,,,,,resampling
113,AT,,,,00,,20240502,,100,150,,0,70,0,0,65,10,0,0,20,0,0,0,0,0,0,20,0,70,0,N,N,,,,Y,49,68,49_68_2,square,N,,3,"Klára Klinkovská, Masaryk University",0,16.83587006,48.27993365,0,"Oberweiden (distr. Gänserndorf), NSG Sandberge Oberweiden, 3.5 km S from the church",PKK079,less intensively managed grassland,,,,,,,,,,,,,,"Klara Klinkovska, Irena Axmanova",307671,Y,N,N,15,Y,conservation management,N,16.83597728,48.27988859,16.83592812,48.27980937,16.83581528,48.27985763,2024,new,,,,,resampling
114,AT,,,,00,,20240513,,100,145,180,10,,0,0,70,2,0,0,20,0,0,0,0,0,0,30,0,100,0,N,N,,,,Y,50,69,50_69_2,square,N,,3,"Klára Klinkovská, Masaryk University",0,16.85421774,48.21647438,0,"Lassee (distr. Gänserndorf), 2.6 km SE from the church",PKK097,dry grassland on a slope,,,,,,,,,,,,,,Klara Klinkovska,307936,Y,N,N,10,Y,conservation management,N,16.85432607,48.21642885,16.8542728,48.21635181,16.85415927,48.21639501,2024,new,,,,,resampling
115,AT,,,,00,,20240513,,20,145,,0,,0,0,80,10,0,0,35,0,0,0,0,0,0,30,0,90,0,N,N,,,,Y,53,70,53_70_2,rectangle 5x4 m,N,,3,"Klára Klinkovská, Masaryk University",0,16.87071591,48.21005617,0,"Lassee (distr. Gänserndorf), 4 km SE from the church",PKK098,"dry grassland, expansion of Solidago and Calamagrostis",,,,,,,,,,,,,,"Klara Klinkovska, Mirjana Cuk",307951,Y,N,N,10,Y,conservation management,Y,16.87076837,48.21004771,16.87075359,48.21000446,16.87070024,48.21001356,2024,new,,,,,resampling
116,AT,,,,00,,20240513,,100,160,180,5,,0,0,90,20,0,0,10,0,0,0,0,0,0,40,0,80,0,N,N,,,,Y,51,71,51_71_2,square,N,,3,"Klára Klinkovská, Masaryk University",0,16.89929253,48.22354895,0,"Groißenbrunn (distr. Gänserndorf), 400 m NWW from the church",PKK099,"dry grassland, large homogeneous area",,,,,,,,,,,,,,"Klara Klinkovska, Mirjana Cuk",307893,Y,N,N,7,,,Y,16.89939912,48.22359696,16.89946497,48.2235209,16.89935649,48.2234741,2024,new,,,,,resampling
118,AT,,,,00,,20240513,,10,160,,0,,0,0,65,40,0,0,20,0,0,0,0,0,0,30,0,40,0,N,N,,,,Y,51,72,51_72_2,square,N,,3,"Klára Klinkovská, Masaryk University",0,16.88411656,48.2304064,0,"Groißenbrunn (distr. Gänserndorf), 1.7 km NW from the church",PKK100,"dry grassland, very shallow soil, between Robinia forest and Arrhenatherum grassland",,,,,,,,,,,,,,"Klara Klinkovska, Mirjana Cuk",307892,Y,N,N,5,,,Y,16.88415437,48.23039299,16.8413512,48.23036778,16.884098,48.23038133,2024,new,,,,,resampling
120,AT,,,,00,,20240522,,100,151,,0,,0,5,75,15,0,0,40,0,0,0,0,0,0,30,0,75,0,N,N,Torilis cf. arvensis,,,Y,52,73,52_73_2,square,N,,3,"Klára Klinkovská, Masaryk University",0,,,5,"Gänserndorf (distr. Gänserndorf), 4 km S from the train station",PDB006,,,,,,,,,,,,,,,"Dariia Borovyk, Mirjana Cuk",307901,Y,N,N,1,,,N,0,0,16.7384478,48.30492875,0,0,2024,new,,,,,resampling
121,AT,,,,00,,20240522,,100,152,,0,,0,0,80,15,1,0,25,0,0,0,0,0,0,25,0,80,0,N,N,Hieracium echioides = Pilosella rothiana,,,Y,52,84,52_84_2,square,N,,3,"Klára Klinkovská, Masaryk University",0,16.7457334,48.29749778,5,"Gänserndorf (distr. Gänserndorf), 4.9 km S from the train station",PDB007,,,,,,,,,,,,,,,"Dariia Borovyk, Mirjana Cuk",307905,Y,N,N,3,,,N,0,0,0,0,0,0,2024,new,,,,,resampling
122,AT,,,,00,,20240523,,100,150,,0,,0,0,70,10,0,0,10,0,0,0,0,0,0,15,0,60,0,N,N,,,,Y,52,74,52_74_2,square,N,,3,"Klára Klinkovská, Masaryk University",0,16.72735948,48.28696581,5,"Gänserndorf (distr. Gänserndorf), 5.9 km S from the train station",PDB008,,,,,,,,,,,,,,,"Dariia Borovyk, Mirjana Cuk",307903,Y,N,N,15,,,N,0,0,0,0,0,0,2024,new,,,,,resampling
123,AT,,,,00,,20240523,,100,152,,0,,0,0,80,15,1,0,10,0,0,0,0,0,0,30,0,80,0,N,N,,,,Y,52,85,52_85_2,square,N,,3,"Klára Klinkovská, Masaryk University",0,16.7387249,48.29341897,5,"Gänserndorf (distr. Gänserndorf), 5.2 km S from the train station",PDB009,,,,,,,,,,,,,,,"Dariia Borovyk, Mirjana Cuk",307917,Y,N,N,5,,,N,0,0,0,0,0,0,2024,new,,,,,resampling
124,AT,,,,00,,20240523,,100,156,,0,,0,25,60,10,0,0,20,0,0,0,0,2.2,1,20,0,100,0,N,N,Carlina cf. vulgaris,,,Y,49,75,49_75_2,square,N,,3,"Klára Klinkovská, Masaryk University",0,16.83146237,48.28225456,5,"Oberweiden (distr. Gänserndorf), NSG Sandberge Oberweiden, 3.1 km S from the church",PDB010,,,,,,,,,,,,,,,"Dariia Borovyk, Mirjana Cuk",307926,Y,N,N,15,,,N,0,0,0,0,0,0,2024,new,,,,,resampling
125,AT,,,,00,,20240523,,100,171,,0,,0,0,60,25,2,0,15,0,0,0,0,0,0,20,0,100,0,N,N,,,,Y,51,76,51_76_2,square,N,,3,"Klára Klinkovská, Masaryk University",0,16.91158056,48.22132303,5,"Groißenbrunn (distr. Gänserndorf), 560 m SEE from the church",PDB011,,,,,,,,,,,,,,,"Dariia Borovyk, Mirjana Cuk",307946,Y,N,N,10,,,Y,0,0,0,0,0,0,2024,new,,,,,resampling
