releve_nr,country,reference,table_nr,nr_in_tab,coverscale,author,date,syntaxon,surf_area,altitude,exposition,inclinatio,cov_total,cov_trees,cov_shrubs,cov_herbs,cov_mosses,cov_lichen,cov_algae,cov_litter,cov_water,cov_rock,tree_high,tree_low,shrub_high,shrub_low,herb_high,herb_low,herb_max,crypt_high,moss_ident,lich_ident,remarks,coord_code,rs_project,resurvey,rs_site,rs_plot,rs_observ,plot_shape,manipulate,maniptyp,loc_method,data_owner,eva_access,longitude,latitude,precision,locality,field_nr,habitat,geology,soil,s_ph_h2o,esy_code,esy_name,plot_observation_id,plot_id,nr_table_in_publ,cover_scale_name,name_association,name_alliance,expert_system,dataset,surveyor,old_releve_nr,loc_match,gps_match,new_site,cov_ground,conserv,management,subplot,longitude2,latitude2,longitude3,latitude3,longitude4,latitude4,year,time,orig,import_nr,name_all,name_ass,plot_type,cluster,year0
1,CZ,NA,NA,NA,02,1120,20230501,NA,16,188,NA,NA,50,0,0,20,30,0,0,0,0,0,0,0,0,0,5,0,10,0,Y,Y,NA,01,NA,Y,1,1,1_1_2,square,N,NA,4,"Klára Klinkovská, Masaryk University",0,17.29211389,48.95597222,3,"Bzenec (okr. Hodonín), PP Vojenské cvifi?tI, 2,5 km JV od kostela sv. Jana K2titele",PKK01,"pionýrská vegetace na písku, d2íve cesta",NA,NA,5.34,NA,NA,NA,NA,NA,NA,NA,NA,NA,NA,Klara Klinkovska,115576,NA,NA,NA,0,NA,NA,N,NA,NA,NA,NA,NA,NA,2023,new,NA,NA,NA,NA,resampling,Corynephorion,19
2,CZ,NA,NA,NA,02,1120,20230501,NA,16,191,NA,NA,80,0,0,40,70,0,0,0,0,0,0,0,0,0,10,0,30,0,Y,Y,NA,01,NA,Y,1,2,1_2_2,square,N,NA,4,"Klára Klinkovská, Masaryk University",0,17.29085556,48.95686667,4,"Bzenec (okr. Hodonín), PP Vojenské cvifi?tI, 2,4 km JV od kostela sv. Jana K2titele",PKK02,"suchý trávník na písku, na povrchu pady sta2ina, v okolí soliterní b2ízy a borovice",NA,NA,5.06,NA,NA,NA,NA,NA,NA,NA,NA,NA,NA,Klara Klinkovska,115577,NA,NA,NA,0,NA,NA,N,NA,NA,NA,NA,NA,NA,2023,new,NA,NA,NA,NA,resampling,Armerion,18
3,CZ,NA,NA,NA,02,1120,20230501,NA,16,196,NA,NA,70,0,0,20,50,0,0,0,0,0,0,0,0,0,5,0,20,0,Y,Y,Cetraria species = Cetraria muricata,01,NA,Y,1,3,1_3_2,square,N,NA,4,"Klára Klinkovská, Masaryk University",0,17.29110278,48.95825833,3,"Bzenec (okr. Hodonín), PP Vojenské cvifi?tI, 2,3 km JV od kostela sv. Jana K2titele",PKK03,pionýrská vegetace na písku,NA,NA,4.82,NA,NA,NA,NA,NA,NA,NA,NA,NA,NA,Klara Klinkovska,115574,NA,NA,NA,0,NA,NA,N,NA,NA,NA,NA,NA,NA,2023,new,NA,NA,NA,NA,resampling,Corynephorion,18
4,CZ,NA,NA,NA,02,1120,20230501,NA,16,197,NA,NA,70,0,0,20,50,0,0,0,0,0,0,0,0,0,5,0,20,0,Y,Y,NA,01,NA,Y,1,77,1_77_2,square,N,NA,4,"Klára Klinkovská, Masaryk University",0,17.29024444,48.95889444,3,"Bzenec (okr. Hodonín), PP Vojenské cvifi?tI, 2,2 km JV od kostela sv. Jana K2titele",PKK04,pionýrská vegetace na písku,NA,NA,4.9,NA,NA,NA,NA,NA,NA,NA,NA,NA,NA,Klara Klinkovska,115573,NA,NA,NA,0,NA,NA,N,NA,NA,NA,NA,NA,NA,2023,new,NA,NA,NA,NA,resampling,Corynephorion,20
6,CZ,NA,NA,NA,02,1120,20230507,NA,16,181,225,2,80,0,0,70,70,0,0,0,0,0,0,0,0,0,15,0,30,0,Y,Y,NA,01,NA,Y,2,4,2_4_2,square,N,NA,4,"Klára Klinkovská, Masaryk University",0,17.15500833,48.96134167,3,"Milotice (okr. Hodonín), PR Písefný rybník, cca 1,2 km SV od kostela V?ech svatých",PKK06,"suchý trávník s Armeria elongata, sefeno",NA,NA,5.38,NA,NA,NA,NA,NA,NA,NA,NA,NA,NA,Klara Klinkovska,115670,NA,NA,NA,0,NA,NA,N,NA,NA,NA,NA,NA,NA,2023,new,NA,NA,NA,NA,resampling,Armerion,17
7,CZ,NA,NA,NA,02,1120,20230507,NA,16,191,360,2,80,0,0,70,70,0,0,0,0,0,0,0,0,0,20,0,35,0,Y,Y,NA,01,NA,Y,3,5,3_5_2,square,N,NA,4,"Klára Klinkovská, Masaryk University",0,17.19701944,48.92290833,3,"Ratí?kovice (okr. Hodonín), osada Rúdník, cca 1,7 km V od kostela sv. Cyrila a MetodIje",PKK07,"suchý trávník u okraje vysázeného borového lesa, pasené",NA,NA,6.22,NA,NA,NA,NA,NA,NA,NA,NA,NA,NA,Klara Klinkovska,115627,NA,NA,NA,0,NA,NA,N,NA,NA,NA,NA,NA,NA,2023,new,NA,NA,NA,NA,resampling,Armerion,18
8,CZ,NA,NA,NA,02,1120,20230507,NA,16,193,180,2,85,0,0,70,45,0,0,0,0,0,0,0,0,0,25,0,70,0,Y,Y,NA,01,NA,Y,4,6,4_6_2,square,N,NA,4,"Klára Klinkovská, Masaryk University",0,17.20425,48.8953,3,"Rohatec-Kolonie (okr. Hodonín), cca 2,3 km SV od kostela sv. BartolomIje, J od kolejí",PKK08,"suchý trávník, nesefeno",NA,NA,6.33,NA,NA,NA,NA,NA,NA,NA,NA,NA,NA,Klara Klinkovska,115657,NA,NA,NA,0,NA,NA,N,NA,NA,NA,NA,NA,NA,2023,new,NA,NA,NA,NA,resampling,Armerion,17
9,CZ,NA,NA,NA,02,1120,20230507,NA,16,201,225,40,70,0,0,50,30,0,0,0,0,0,0,0,0,0,25,0,90,0,Y,Y,NA,01,NA,Y,5,7,5_7_2,square,N,NA,4,"Klára Klinkovská, Masaryk University",0,17.19928333,48.89726667,3,"Rohatec-Kolonie (okr. Hodonín), cca 2,3 km SV od kostela sv. BartolomIje, svah na SV stranI trati do Ratí?kovic",PKK09,suchý trávník ve svahu,NA,NA,5.53,NA,NA,NA,NA,NA,NA,NA,NA,NA,NA,Klara Klinkovska,115560,NA,NA,NA,0,NA,NA,N,NA,NA,NA,NA,NA,NA,2023,new,NA,NA,NA,NA,resampling,Armerion,19
10,CZ,NA,NA,NA,02,1120,20230519,NA,16,187,NA,NA,60,0,0,35,50,0,0,0,0,0,0,0,0,0,15,0,50,0,Y,Y,NA,01,NA,Y,6,8,6_8_2,square,N,NA,NA,"Klára Klinkovská, Masaryk University",0,17.30517222,48.963975,3,"Bzenec-Ol?ovec (okr. Hodonín), cca 1 km JV od oeleznifní stanice Bzenec-Ol?ovec, NPP Váté písky, na V od trati",PKK10,"otev2ené stanovi?tI na písku, vysekané a vypálené borovice",NA,NA,4.9,NA,NA,NA,NA,NA,NA,NA,NA,NA,NA,Klara Klinkovska,NA,NA,NA,NA,0,NA,NA,N,NA,NA,NA,NA,NA,NA,2023,new,NA,NA,NA,NA,resampling,Corynephorion,18
11,CZ,NA,NA,NA,02,1120,20230519,NA,16,190,270,2,80,0,0,60,50,0,0,0,0,0,0,0,0,0,20,0,60,0,Y,Y,NA,01,NA,Y,6,9,6_9_2,square,N,NA,NA,"Klára Klinkovská, Masaryk University",0,17.30441944,48.96270833,3,"Bzenec-Ol?ovec (okr. Hodonín), cca 1,1 km JV od oeleznifní stanice Bzenec-Ol?ovec, NPP Váté písky, V od trati",PKK11,"suchý trávník na písku s kavylem, mIlká pada s kamínky, vy2ezané a vypálené borovice",NA,NA,6.25,NA,NA,NA,NA,NA,NA,NA,NA,NA,NA,Klara Klinkovska,NA,NA,NA,NA,0,NA,NA,N,NA,NA,NA,NA,NA,NA,2023,new,NA,NA,NA,NA,resampling,Armerion,20
12,CZ,NA,NA,NA,02,1120,20230519,NA,16,195,NA,0,60,0,0,40,30,0,0,0,0,0,0,0,0,0,10,0,60,0,Y,Y,NA,01,NA,Y,6,78,6_78_2,square,N,NA,NA,"Klára Klinkovská, Masaryk University",0,17.29120833,48.93795,3,"Bzenec-P2ívoz (okr. Hodonín), cca 200 m SV od oeleznifní stanice Bzenec-P2ívoz, V od trati",PKK12,"suchý trávník na písku, pravdIpodobnI obfas naru?ované",NA,NA,6.88,NA,NA,NA,NA,NA,NA,NA,NA,NA,NA,Klara Klinkovska,115548,NA,NA,NA,0,NA,NA,N,NA,NA,NA,NA,NA,NA,2023,new,NA,NA,NA,NA,resampling,Corynephorion,18
14,CZ,NA,NA,NA,02,1120,20230519,NA,16,196,NA,0,80,0,0,75,30,0,0,0,0,0,0,0,0,0,15,0,60,0,Y,Y,NA,01,NA,Y,6,79,6_79_2,square,N,NA,NA,"Klára Klinkovská, Masaryk University",0,17.29620556,48.94501389,3,"Bzenec-P2ívoz (okr. Hodonín), cca 1 km SSV od oeleznifní stanice Bzenec-P2ívoz, NPP Váté písky, Z od trati",PKK14,"suchý trávník na vyvý?ené terase nad tratí, mIlká pada s kameny, sefené",NA,NA,5.97,NA,NA,NA,NA,NA,NA,NA,NA,NA,NA,Klara Klinkovska,NA,NA,NA,NA,0,NA,NA,N,NA,NA,NA,NA,NA,NA,2023,new,NA,NA,NA,NA,resampling,Corynephorion,20
15,CZ,NA,NA,NA,02,1120,20230529,NA,16,210,270,5,80,0,0,50,50,0,0,0,0,0,0,0,0,0,25,0,70,0,Y,Y,NA,01,NA,Y,7,10,7_10_2,square,N,NA,4,"Klára Klinkovská, Masaryk University",0,17.138425,48.89388056,3,"Hodonín-Pánov (okr. Hodonín), cca 4,3 km SSV od oeleznifní stanice Hodonín, PP Pánov",PKK15,"suchý trávník na písku, pravdIpodobnI obfas naru?ované, sefené",NA,NA,5.25,NA,NA,NA,NA,NA,NA,NA,NA,NA,NA,Klara Klinkovska,115566,NA,NA,NA,0,NA,NA,N,NA,NA,NA,NA,NA,NA,2023,new,NA,NA,NA,NA,resampling,Armerion,18
16,CZ,NA,NA,NA,02,1120,20230529,NA,16,208,270,3,80,0,0,60,40,0,0,0,0,0,0,0,0,0,30,0,80,0,Y,Y,NA,01,NA,Y,7,11,7_11_2,square,N,NA,4,"Klára Klinkovská, Masaryk University",0,17.138075,48.89504722,3,"Hodonín-Pánov (okr. Hodonín), cca 4,4 km SSV od oeleznifní stanice Hodonín, PP Pánov",PKK16,"suchý trávník na písku, bez managementu, okolo mladé akáty, plochy zarostlé Solidago gigantea",NA,NA,5.04,NA,NA,NA,NA,NA,NA,NA,NA,NA,NA,Klara Klinkovska,115567,NA,NA,NA,0,NA,NA,N,NA,NA,NA,NA,NA,NA,2023,new,NA,NA,NA,NA,resampling,Armerion,19
17,CZ,NA,NA,NA,02,1120,20230529,NA,16,202,270,2,85,0,0,75,30,0,0,0,0,0,0,0,0,0,25,0,80,0,Y,Y,NA,01,NA,Y,7,12,7_12_2,square,N,NA,4,"Klára Klinkovská, Masaryk University",0,17.13707222,48.89319167,3,"Hodonín-Pánov (okr. Hodonín), cca 4,2 km SSV od oeleznifní stanice Hodonín, PP Pánov",PKK17,"suchý trávník na písku, pravdIpodobnI sefeno",NA,NA,5.13,NA,NA,NA,NA,NA,NA,NA,NA,NA,NA,Klara Klinkovska,115608,NA,NA,NA,0,NA,NA,N,NA,NA,NA,NA,NA,NA,2023,new,NA,NA,NA,NA,resampling,Armerion,18
18,CZ,NA,NA,NA,02,1120,20230529,NA,16,197,NA,0,85,0,0,80,20,0,0,0,0,0,0,0,0,0,30,0,100,0,Y,Y,NA,01,NA,Y,7,80,7_80_2,square,N,NA,4,"Klára Klinkovská, Masaryk University",0,17.13564444,48.88983611,3,"Hodonín-Pánov (okr. Hodonín), cca 3,8 km SSV od oeleznifní stanice Hodonín, PP Pánov",PKK18,"suchý trávník na písku, nesefený, zarastající t2tinou",NA,NA,5.35,NA,NA,NA,NA,NA,NA,NA,NA,NA,NA,Klara Klinkovska,115616,NA,NA,NA,0,NA,NA,N,NA,NA,NA,NA,NA,NA,2023,new,NA,NA,NA,NA,resampling,Armerion,19
19,CZ,NA,NA,NA,02,1120,20230529,NA,16,202,NA,0,90,0,0,60,50,0,0,0,0,0,0,0,0,0,20,0,70,0,Y,Y,NA,01,NA,Y,7,13,7_13_2,square,N,NA,4,"Klára Klinkovská, Masaryk University",0,17.13592222,48.89126944,3,"Hodonín-Pánov (okr. Hodonín), cca 4 km SSV od oeleznifní stanice Hodonín, PP Pánov",PKK19,"suchý trávník na písku, pravdIpodobnI sefeno, naru?ované",NA,NA,5.39,NA,NA,NA,NA,NA,NA,NA,NA,NA,NA,Klara Klinkovska,115617,NA,NA,NA,0,NA,NA,N,NA,NA,NA,NA,NA,NA,2023,new,NA,NA,NA,NA,resampling,Armerion,18
20,CZ,NA,NA,NA,02,1120,20230529,NA,16,207,NA,0,80,0,0,60,50,0,0,0,0,0,0,0,0,0,25,0,90,0,Y,Y,NA,01,NA,Y,7,81,7_81_2,square,N,NA,4,"Klára Klinkovská, Masaryk University",0,17.14212778,48.88679444,3,"Hodonín-Pánov (okr. Hodonín), cca 3,7 km SSV od oeleznifní stanice Hodonín, PP Pánov",PKK20,"suchý trávník na písku, pravdIpodobnI naru?ované",NA,NA,5.72,NA,NA,NA,NA,NA,NA,NA,NA,NA,NA,Klara Klinkovska,115556,NA,NA,NA,0,NA,NA,N,NA,NA,NA,NA,NA,NA,2023,new,NA,NA,NA,NA,resampling,Armerion,19
21,CZ,NA,NA,NA,02,1120,20230603,NA,16,151,NA,0,70,0,0,70,1,0,0,0,0,0,0,0,0,0,40,0,150,0,Y,Y,NA,01,NA,Y,8,14,8_14_2,square,N,NA,4,"Klára Klinkovská, Masaryk University",0,16.86144444,48.73804167,3,"B2eclav-Po?torná (okr. B2´eclav), cca 400 m Z od oeleznifní stanice Bo2í les, J od trati",PKK21,"suchý trávník na písku, nesefené, zarastající ovsíkem, mIlká pada s kamením",NA,NA,7.3,NA,NA,NA,NA,NA,NA,NA,NA,NA,NA,Klara Klinkovska,115564,NA,NA,NA,0,NA,NA,N,NA,NA,NA,NA,NA,NA,2023,new,NA,NA,NA,NA,resampling,Armerion,19
22,CZ,NA,NA,NA,02,1120,20230603,NA,16,183,NA,0,75,0,0,75,1,0,0,0,0,0,0,0,0,0,50,0,150,0,Y,Y,NA,01,NA,Y,8,15,8_15_2,square,N,NA,4,"Klára Klinkovská, Masaryk University",0,16.84,48.73925833,3,"B2eclav-Po?torná (okr. B2´eclav), cca 2 km Z od oeleznifní stanice Bo2í les, J od trati",PKK22,"suchý trávník mezi kolejemi a okrajem lesa, bez managementu, zarastající t2tinou a d2evinami",NA,NA,6.89,NA,NA,NA,NA,NA,NA,NA,NA,NA,NA,Klara Klinkovska,115553,NA,NA,NA,0,NA,NA,N,NA,NA,NA,NA,NA,NA,2023,new,NA,NA,NA,NA,resampling,Armerion,19
23,CZ,NA,NA,NA,02,1120,20230603,NA,12,167,NA,0,25,30,0,25,0,0,0,0,0,0,10,6,0,0,10,0,30,0,Y,Y,NA,01,NA,Y,8,16,8_16_2,rectangle 2x6 m,N,NA,4,"Klára Klinkovská, Masaryk University",0,16.84691111,48.7386,5,"B2eclav-Po?torná (okr. B2´eclav), cca 1,5 km Z od oeleznifní stanice Bo2í les, J od trati",PKK23,"se?lapávaná lesní cesta na písku, mIlká pada s kamínky",NA,NA,7.46,NA,NA,NA,NA,NA,NA,NA,NA,NA,NA,Klara Klinkovska,115554,NA,NA,NA,0,NA,NA,N,NA,NA,NA,NA,NA,NA,2023,new,NA,NA,NA,NA,resampling,Armerion,19
24,CZ,NA,NA,NA,02,1120,20230608,NA,16,190,45,2,90,0,0,75,30,0,0,0,0,0,0,0,0,0,30,0,80,0,Y,Y,NA,01,NA,Y,9,17,9_17_2,square,N,NA,4,"Klára Klinkovská, Masaryk University",0,17.21095833,48.9031,3,"Rohatec, osada SoboOky (okr. Hodonín), cca 1.5 km SV od oeleznifní stanice Rohatec, Z b2eh dolního rybníka",PKK24,"nesefený suchý trávník zarastající Calamagrostis epigejos, juv. d2evinami, Solidago gigantea",NA,NA,5.01,NA,NA,NA,NA,NA,NA,NA,NA,NA,NA,Klara Klinkovska,115650,NA,NA,NA,0,NA,NA,N,NA,NA,NA,NA,NA,NA,2023,new,NA,NA,NA,NA,resampling,Corynephorion,17
25,CZ,NA,NA,NA,02,1120,20230608,NA,16,187,90,10,95,0,0,70,60,0,0,0,0,0,0,0,0,0,30,0,100,0,Y,Y,NA,01,NA,Y,9,18,9_18_2,square,N,NA,4,"Klára Klinkovská, Masaryk University",0,17.20635833,48.90785556,3,"Rohatec, osada SoboOky (okr. Hodonín), cca 1.8 km SSV od oeleznifní stanice Rohatec",PKK25,"suchý trávník na hranI svahu, pravdIpodobnI sefeno",NA,NA,5.92,NA,NA,NA,NA,NA,NA,NA,NA,NA,NA,Klara Klinkovska,115653,NA,NA,NA,0,NA,NA,N,NA,NA,NA,NA,NA,NA,2023,new,NA,NA,NA,NA,resampling,Armerion,17
26,CZ,NA,NA,NA,02,1120,20230608,NA,16,195,90,10,95,0,0,80,70,0,0,0,0,0,0,0,0,0,60,0,100,0,Y,Y,NA,01,NA,Y,9,19,9_19_2,square,N,NA,4,"Klára Klinkovská, Masaryk University",0,17.20560556,48.90850833,4,"Rohatec, osada SoboOky (okr. Hodonín), cca 1.8 km SSV od oeleznifní stanice Rohatec",PKK26,"nesefený suchý trávník s Calamagrostis epigejos zarastající juvenilními ke2i, na vrcholu svahu",NA,NA,4.81,NA,NA,NA,NA,NA,NA,NA,NA,NA,NA,Klara Klinkovska,115652,NA,NA,NA,0,NA,NA,N,NA,NA,NA,NA,NA,NA,2023,new,NA,NA,NA,NA,resampling,Corynephorion,17
27,CZ,NA,NA,NA,02,1120,20230608,NA,16,175,NA,0,55,0,0,40,15,0,0,0,0,0,0,0,0,0,20,0,40,0,Y,Y,NA,01,NA,Y,10,20,10_20_2,square,N,NA,NA,"Klára Klinkovská, Masaryk University",0,17.23505,48.91066389,3,"Rohatec, osada SoboOky (okr. Hodonín), cca 3.3 km SV od oeleznifní stanice Rohatec, NPP Váté písky, S strana kolejí",PKK27,iniciální vegetace na písku,NA,NA,4.82,NA,NA,NA,NA,NA,NA,NA,NA,NA,NA,Klara Klinkovska,NA,NA,NA,NA,0,NA,NA,N,NA,NA,NA,NA,NA,NA,2023,new,NA,NA,NA,NA,resampling,Corynephorion,18
28,CZ,NA,NA,NA,02,1120,20230608,NA,16,194,180,1,85,0,0,65,50,0,0,0,0,0,0,0,0,0,25,0,90,0,Y,Y,Cladonia chlorophaea = C. chlorophaea agg.,01,NA,Y,10,21,10_21_2,square,N,NA,4,"Klára Klinkovská, Masaryk University",0,17.25194722,48.91812222,3,"Bzenec-P2ívoz (okr. Hodonín), cca 3.4 km JZ od oeleznifní stanice Bzenec-P2ívoz, Váté písky, J strana kolejí",PKK28,"suchý trávník na písku, sefené",NA,NA,5.15,NA,NA,NA,NA,NA,NA,NA,NA,NA,NA,Klara Klinkovska,115658,NA,NA,NA,0,NA,NA,N,NA,NA,NA,NA,NA,NA,2023,new,NA,NA,NA,NA,resampling,Corynephorion,18
29,CZ,NA,NA,NA,02,1120,20230608,NA,16,184,180,2,85,0,0,65,50,0,0,0,0,0,0,0,0,0,25,0,70,0,Y,Y,Cladonia chlorophaea = C. chlorophaea agg.,01,NA,Y,10,82,10_82_2,square,N,NA,4,"Klára Klinkovská, Masaryk University",0,17.26060556,48.92280278,3,"Bzenec-P2ívoz (okr. Hodonín), cca 2,6 km JZ od oeleznifní stanice Bzenec-P2ívoz, NPP Váté písky, S strana kolejí",PKK29,"suchý trávník na písku, sefené",NA,NA,5.13,NA,NA,NA,NA,NA,NA,NA,NA,NA,NA,Klara Klinkovska,115585,NA,NA,NA,0,NA,NA,N,NA,NA,NA,NA,NA,NA,2023,new,NA,NA,NA,NA,resampling,Armerion,17
30,CZ,NA,NA,NA,02,1120,20230608,NA,16,194,NA,0,90,0,0,85,40,0,0,0,0,0,0,0,0,0,30,0,100,0,Y,Y,Cladonia chlorophaea = C. chlorophaea agg.,01,NA,Y,10,86,10_86_2,square,N,NA,4,"Klára Klinkovská, Masaryk University",0,17.26381944,48.92367778,3,"Bzenec-P2ívoz (okr. Hodonín), cca 2,4 km JZ od oeleznifní stanice Bzenec-P2ívoz, NPP Váté písky, J strana kolejí",PKK30,"suchý trávník na písku, sefené",NA,NA,5.05,NA,NA,NA,NA,NA,NA,NA,NA,NA,NA,Klara Klinkovska,115586,NA,NA,NA,0,NA,NA,N,NA,NA,NA,NA,NA,NA,2023,new,NA,NA,NA,NA,resampling,Armerion,19
32,CZ,NA,NA,NA,02,1120,20230612,NA,16,200,135,3,90,0,0,85,50,0,0,0,0,0,0,0,0,0,50,0,100,0,Y,Y,Cladonia chlorophaea = C. chlorophaea agg.,01,NA,Y,1,22,1_22_2,square,N,NA,4,"Klára Klinkovská, Masaryk University",0,17.29059722,48.95378333,3,"Bzenec (okr. Hodonín), cca 2,6 km JV od oeleznifní stanice Bzenec, PP Vojenské cvifi?tI",PKK32,nesefený suchý trávník s Calamagrostis epigejos u okraje lesa,NA,NA,4.7,NA,NA,NA,NA,NA,NA,NA,NA,NA,NA,Klara Klinkovska,115577,NA,NA,NA,0,NA,NA,N,NA,NA,NA,NA,NA,NA,2023,new,NA,NA,NA,NA,resampling,Armerion,20
33,CZ,NA,NA,NA,02,1120,20230612,NA,16,200,135,2,95,0,0,80,60,0,0,0,0,0,0,0,0,0,25,0,70,0,Y,Y,NA,01,NA,Y,1,23,1_23_2,square,N,NA,4,"Klára Klinkovská, Masaryk University",0,17.29170556,48.95886667,3,"Bzenec (okr. Hodonín), cca 2,4 km VJV od oeleznifní stanice Bzenec, PP Vojenské cvifi?tI",PKK33,"suchý trávník na písku, pravdIpodobnI sefené",NA,NA,5.27,NA,NA,NA,NA,NA,NA,NA,NA,NA,NA,Klara Klinkovska,115573,NA,NA,NA,0,NA,NA,N,NA,NA,NA,NA,NA,NA,2023,new,NA,NA,NA,NA,resampling,Armerion,19
34,CZ,NA,NA,NA,02,1120,20230612,NA,16,195,135,2,90,0,0,90,50,0,0,0,0,0,0,0,0,0,40,0,90,0,Y,Y,NA,01,NA,Y,1,83,1_83_2,square,N,NA,4,"Klára Klinkovská, Masaryk University",0,17.28926111,48.96084722,3,"Bzenec (okr. Hodonín), cca 2,1 km VJV od oeleznifní stanice Bzenec, PP Vojenské cvifi?tI",PKK34,"suchý trávník s Calamagrostis epigejos, nesefené, ?í2í se juvenilní ke2e",NA,NA,6.97,NA,NA,NA,NA,NA,NA,NA,NA,NA,NA,Klara Klinkovska,115552,NA,NA,NA,0,NA,NA,N,NA,NA,NA,NA,NA,NA,2023,new,NA,NA,NA,NA,resampling,Armerion,20
36,CZ,NA,NA,NA,02,1120,20230612,NA,16,193,NA,0,85,0,0,80,10,0,0,0,0,0,0,0,0,0,30,0,150,0,Y,Y,NA,01,NA,Y,13,24,13_24_2,square,N,NA,4,"Klára Klinkovská, Masaryk University",0,17.24826667,48.97141389,3,"Bzenec (okr. Hodonín), cca 1,1 km ZSZ od oeleznifní stanice Bzenec",PKK36,zarastající suchý trávník u opu?tIného tenisového kurtu,NA,NA,6.61,NA,NA,NA,NA,NA,NA,NA,NA,NA,NA,Klara Klinkovska,115642,NA,NA,NA,0,NA,NA,N,NA,NA,NA,NA,NA,NA,2023,new,NA,NA,NA,NA,resampling,Armerion,17
38,CZ,NA,NA,NA,02,1120,20230612,NA,16,183,315,5,80,0,0,70,45,0,0,0,0,0,0,0,0,0,35,0,90,0,Y,Y,NA,01,NA,Y,12,25,12_25_2,square,N,NA,4,"Klára Klinkovská, Masaryk University",0,17.20306111,48.911675,3,"Rohatec (okr. Hodonín), cca 2,1 km SSV  od oeleznifní stanice Rohatec",PKK38,"suchý trávník na písku, sefené",NA,NA,5.03,NA,NA,NA,NA,NA,NA,NA,NA,NA,NA,Klara Klinkovska,115628,NA,NA,NA,0,NA,NA,N,NA,NA,NA,NA,NA,NA,2023,new,NA,NA,NA,NA,resampling,Armerion,18
39,SK,NA,NA,NA,00,1120,20240419,NA,49,230,NA,0,NA,7,0,30,75,5,0,10,0,0,0,0,0,0,15,0,45,0,N,N,NA,01,NA,Y,23,26,23_26_2,square,N,NA,3,"Klára Klinkovská, Masaryk University",0,17.19141616,48.58779686,0,"Lakšárska Nová Ves (distr. Senica), Lipovec, 1.5 km NNE from the church of St. Lawrence",PKK051,"clearing in a pine forest, ruderalized",NA,NA,NA,NA,NA,NA,NA,NA,NA,NA,NA,NA,NA,"Klara Klinkovska, Branislav Kopcan",624750,Y,N,N,2,NA,NA,N,17.19151045,48.58780694,17.19151916,48.58774158,0,0,2024,new,NA,NA,NA,NA,resampling,Corynephorion,61
40,SK,NA,NA,NA,00,1120,20240419,NA,25,225,280,2,NA,0,0,7,1,10,0,1,0,0,0,0,0,0,7,0,15,0,N,N,NA,01,NA,Y,24,27,24_27_2,square,N,NA,3,"Klára Klinkovská, Masaryk University",0,17.1757517,48.5821878,0,"Lakšárska Nová Ves (distr. Senica), 1 km NW from the church of St. Lawrence",PKK052,"sand dune near the village, disturbed (motocross?),  pine and Robinia forest nearby",NA,NA,NA,NA,NA,NA,NA,NA,NA,NA,NA,NA,NA,"Klara Klinkovska, Branislav Kopcan",622135,Y,N,N,82,NA,strongly disturbed,Y,0,0,17.17578073,48.58212502,17.17571941,48.58214654,2024,new,NA,NA,NA,NA,resampling,Corynephorion,72
42,SK,NA,NA,NA,00,1120,20240419,NA,25,225,180,1,NA,0,0,12,15,45,0,3,0,0,0,0,0,0,7,0,25,0,N,N,NA,01,NA,Y,24,28,24_28_2,square,N,NA,3,"Klára Klinkovská, Masaryk University",0,17.17744133,48.58306436,0,"Lakšárska Nová Ves (distr. Senica), 1 km NW from the church of St. Lawrence",PKK053,"sand dune near the village, pine and Robinia forest nearby",NA,NA,NA,NA,NA,NA,NA,NA,NA,NA,NA,NA,NA,"Klara Klinkovska, Branislav Kopcan",622109,Y,N,N,25,NA,NA,N,17.17750508,48.58303177,17.17746211,48.58299431,17.17740702,48.58302469,2024,new,NA,NA,NA,NA,resampling,Corynephorion,69
46,SK,NA,NA,NA,00,1120,20240422,NA,25,160,NA,0,NA,0,0,45,75,5,0,30,0,0,0,0,0,0,15,0,40,0,N,N,NA,01,NA,Y,26,29,26_29_2,square,N,NA,3,"Klára Klinkovská, Masaryk University",0,16.97150636,48.45035016,0,"Kostolište (distr. Malacky), 1.2 km NW from the church of St. Martin",PKK057,"grassland under the power lines, in the surroundings expansion of Solidago and Calamagrostis and yo",NA,NA,NA,NA,NA,NA,NA,NA,NA,NA,NA,NA,NA,"Klara Klinkovska, Branislav Kopcan, Mirjana Cuk",622132,Y,N,N,2,NA,NA,N,16.97157511,48.45035624,16.97157149,48.45031018,16.97150318,48.45030552,2024,new,NA,NA,NA,NA,resampling,Corynephorion,69
47,SK,NA,NA,NA,00,1120,20240422,NA,25,155,NA,0,NA,0,0,50,55,1,0,40,0,0,0,0,0,0,15,0,45,0,N,N,NA,01,NA,Y,27,30,27_30_2,square,N,NA,3,"Klára Klinkovská, Masaryk University",0,16.96128514,48.42212433,0,"Jakubov (distr. Malacky), 2.7 km NEE from the church of St. Philip and Jacob",PKK058,"abandoned sand grassland, new pine plantation nearby",NA,NA,NA,NA,NA,NA,NA,NA,NA,NA,NA,NA,NA,"Klara Klinkovska, Branislav Kopcan, Mirjana Cuk",622139,Y,N,N,8,NA,abandoned,N,16.96134704,48.42214306,16.96136849,48.42209976,16.96130605,48.42208078,2024,new,NA,NA,NA,NA,resampling,Corynephorion,61
48,SK,NA,NA,NA,00,1120,20240422,NA,25,155,NA,0,NA,0,0,55,10,1,0,30,0,0,0,0,0,0,10,0,30,0,N,N,Boraginaceae .1,01,NA,Y,27,31,27_31_2,square,N,NA,3,"Klára Klinkovská, Masaryk University",0,16.96136195,48.42226138,0,"Jakubov (distr. Malacky), 2.7 km NEE from the church of St. Philip and Jacob",PKK059,"abandoned sand grassland, new pine plantation nearby",NA,NA,NA,NA,NA,NA,NA,NA,NA,NA,NA,NA,NA,"Klara Klinkovska, Branislav Kopcan, Mirjana Cuk",622125,Y,N,N,15,NA,abandoned,N,16.9614341,48.42226112,16.96143622,48.42221376,16.96136664,48.42221518,2024,new,NA,NA,NA,NA,resampling,Corynephorion,69
50,SK,NA,NA,NA,00,1120,20240422,NA,25,155,NA,0,NA,0,0,35,60,5,0,25,0,0,0,0,0,0,15,0,30,0,N,N,cf. Crepis tectorum,01,NA,Y,29,32,29_32_2,square,N,NA,3,"Klára Klinkovská, Masaryk University",0,16.97074284,48.44192246,0,"Kostolište (distr. Malacky), 1.4 km SW from the church of St. Martin",PKK061,disturbed sandy patch between pine forest and industrial buildings,NA,NA,NA,NA,NA,NA,NA,NA,NA,NA,NA,NA,NA,"Klara Klinkovska, Branislav Kopcan, Mirjana Cuk",624751,Y,N,N,10,NA,disturbed,N,16.97080841,48.44191012,16.9707894,48.44186566,16.970724,48.44187908,2024,new,NA,NA,NA,NA,resampling,Corynephorion,61
51,SK,NA,NA,NA,00,1120,20240422,NA,25,180,NA,0,NA,0,0,55,10,0,0,8,0,0,0,0,0,0,15,0,55,0,N,N,NA,01,NA,Y,30,33,30_33_2,square,N,NA,3,"Klára Klinkovská, Masaryk University",0,17.0473066,48.44235454,0,"Malacky (distr. Malacky), 2 km NE from the train station",PKK062,"small patch with sand specialists, expansion of Solidago in the surroundings",NA,NA,NA,NA,NA,NA,NA,NA,NA,NA,NA,NA,NA,"Klara Klinkovska, Branislav Kopcan, Mirjana Cuk",622142,Y,N,N,30,NA,abandoned,N,17.04737541,48.44235684,17.04737645,48.44230939,17.04730594,48.44230881,2024,new,NA,NA,NA,NA,resampling,Corynephorion,69
52,CZ,NA,NA,NA,00,1120,20240426,NA,25,155,NA,0,NA,0,0,60,60,0,0,2,0,0,0,0,0,0,15,0,30,0,N,N,NA,01,NA,Y,31,34,31_34_2,square,N,NA,4,"Klára Klinkovská, Masaryk University",0,16.93447191,48.68874171,5,"Lanžhot (distr. Břeclav), Soutok, Dúbravka, 4.6 km SW from the church",PKK063,dry grassland between roads,NA,NA,NA,NA,NA,NA,NA,NA,NA,NA,NA,NA,NA,Klara Klinkovska,445410,Y,N,N,2,NA,mowed,N,0,0,0,0,0,0,2024,new,NA,NA,NA,NA,resampling,Armerion,29
53,CZ,NA,NA,NA,00,1120,20240426,NA,25,155,NA,0,NA,0,0,80,50,1,0,8,0,0,0,0,0,0,25,0,60,0,N,N,NA,01,NA,Y,31,35,31_35_2,square,N,NA,3,"Klára Klinkovská, Masaryk University",0,16.93353895,48.69006863,0,"Lanžhot (distr. Břeclav), Soutok, Dúbravka, 4.5 km SW from the church",PKK064,"dry grassland, grazing of wild animals",NA,NA,NA,NA,NA,NA,NA,NA,NA,NA,NA,NA,NA,Klara Klinkovska,445417,Y,N,N,5,NA,"mowed, grazed",N,0,0,16.9336034,48.69001641,16.93353312,48.69002207,2024,new,NA,NA,NA,NA,resampling,Armerion,29
54,CZ,NA,NA,NA,00,1120,20240426,NA,25,155,110,2,NA,0,0,85,40,0,0,5,0,0,0,0,0,0,15,0,40,0,N,N,NA,01,NA,Y,31,36,31_36_2,square,N,NA,4,"Klára Klinkovská, Masaryk University",0,16.9340538,48.6904002,5,"Lanžhot (distr. Břeclav), Soutok, Dúbravka, 4.5 km SW from the church",PKK065,"dry grassland, grazing of wild animals",NA,NA,NA,NA,NA,NA,NA,NA,NA,NA,NA,NA,NA,Klara Klinkovska,445416,Y,N,N,1,NA,"mowed, grazed",N,0,0,0,0,0,0,2024,new,NA,NA,NA,NA,resampling,Armerion,29
55,CZ,NA,NA,NA,00,1120,20240426,NA,25,155,NA,0,NA,0,0,90,20,0,0,7,0,0,0,0,0,0,10,0,50,0,N,N,Agrostis cf. vinealis,01,NA,Y,32,37,32_37_2,square,N,NA,3,"Klára Klinkovská, Masaryk University",0,16.92168208,48.70818364,0,"Lanžhot (distr. Břeclav), Soutok, 500 m SE from Lány castle, 3.8 km SW from the church",PKK066,"dry grassland, grazing of wild animals",NA,NA,NA,NA,NA,NA,NA,NA,NA,NA,NA,NA,NA,Klara Klinkovska,445422,Y,N,N,5,NA,"mowed, grazed",N,16.92175224,48.70818568,16.92175316,48.70813955,16.92168239,48.70813603,2024,new,NA,NA,NA,NA,resampling,Armerion,29
56,SK,NA,NA,NA,00,1120,20240506,NA,25,155,NA,0,NA,0,0,45,60,15,0,15,0,0,0,0,0,0,15,0,70,0,N,N,NA,01,NA,Y,33,38,33_38_2,square,N,NA,3,"Klára Klinkovská, Masaryk University",0,17.01029725,48.46881439,0,"Kostolište (distr. Malacky), 3 km NE from the church of St. Martin",PKK080,"disturbed sandy patch, motocross",NA,NA,NA,NA,NA,NA,NA,NA,NA,NA,NA,NA,NA,"Klara Klinkovska, Milan Valachovic",622120,Y,N,N,8,NA,"disturbed, motocross",N,17.01036233,48.46879789,17.01034794,48.46875363,17.01028162,48.46876842,2024,new,NA,NA,NA,NA,resampling,Corynephorion,69
57,SK,NA,NA,NA,00,1120,20240506,NA,25,155,NA,0,NA,0,0,30,0,0,0,5,0,0,0,0,0,0,15,0,40,0,N,N,NA,01,NA,Y,33,39,33_39_2,square,N,NA,3,"Klára Klinkovská, Masaryk University",0,17.00661028,48.46947099,0,"Kostolište (distr. Malacky), 2.9 km NE from the church of St. Martin",PKK081,"disturbed sandy patch, motocross",NA,NA,NA,NA,NA,NA,NA,NA,NA,NA,NA,NA,NA,"Klara Klinkovska, Milan Valachovic",622119,Y,N,N,70,NA,"disturbed, motocross",N,17.00667629,48.4694532,17.00664964,48.46941077,17.00658565,48.4694275,2024,new,NA,NA,NA,NA,resampling,Corynephorion,69
58,SK,NA,NA,NA,00,1120,20240506,NA,25,175,NA,0,NA,0,0,25,30,0,0,25,0,0,0,0,0,0,15,0,40,0,N,N,NA,01,NA,Y,34,40,34_40_2,square,N,NA,3,"Klára Klinkovská, Masaryk University",0,17.03039723,48.39409358,0,"Plavecký Štvrtok (distr. Malacky), u rybníka Tančibok, 3.2 km NE from the church",PKK082,"sandy patch, dry planted pines",NA,NA,NA,NA,NA,NA,NA,NA,NA,NA,NA,NA,NA,"Klara Klinkovska, Milan Valachovic",622127,Y,N,N,20,NA,NA,N,17.03045751,48.39406795,17.03042479,48.39402703,17.03036686,48.39405261,2024,new,NA,NA,NA,NA,resampling,Corynephorion,69
59,SK,NA,NA,NA,00,1120,20240506,NA,36,215,NA,0,NA,0,0,50,1,0,0,10,0,0,0,0,0,0,25,0,60,0,N,N,Festuca ovina = F. guestfalica,01,NA,Y,35,41,35_41_2,square,N,NA,3,"Klára Klinkovská, Masaryk University",0,17.13485033,48.53740228,0,"Studienka (distr. Malacky), 1.2 km N from the church",PKK083,open sand vegetation,NA,NA,NA,NA,NA,NA,NA,NA,NA,NA,NA,NA,NA,"Klara Klinkovska, Milan Valachovic",638316,Y,N,N,40,NA,NA,N,17.13492616,48.53738571,17.13491363,48.53733331,17.13483781,48.53734797,2024,new,NA,NA,NA,NA,resampling,Corynephorion,21
60,SK,NA,NA,NA,00,1120,20240506,NA,30,200,NA,0,NA,0,0,15,0,0,0,4,0,0,0,0,0,0,15,0,30,0,N,N,NA,01,NA,Y,36,42,36_42_2,rectangle 6x5 m,N,NA,3,"Klára Klinkovská, Masaryk University",0,17.13707716,48.56346637,0,"Lakšárska Nová Ves (distr. Senica), 3.7 km SWW from the church, S from the road",PKK084,"abandoned field, spontaneous succession of sand vegetation",NA,NA,NA,NA,NA,NA,NA,NA,NA,NA,NA,NA,NA,"Klara Klinkovska, Milan Valachovic",638289,Y,N,N,80,NA,NA,N,17.13714365,48.56347469,17.13715147,48.56342057,17.13708481,48.56341302,2024,new,NA,NA,NA,NA,resampling,Corynephorion,21
61,SK,NA,NA,NA,00,1120,20240506,NA,20,200,NA,0,NA,0,0,25,0,0,0,10,0,0,0,0,0,0,15,0,30,0,N,N,NA,01,NA,Y,36,43,36_43_2,rectangle 4x5 m,N,NA,3,"Klára Klinkovská, Masaryk University",0,17.13569383,48.56391014,0,"Lakšárska Nová Ves (distr. Senica), 3.8 km SWW from the church, N from the road",PKK085,"abandoned field, spontaneous succession of sand vegetation",NA,NA,NA,NA,NA,NA,NA,NA,NA,NA,NA,NA,NA,"Klara Klinkovska, Milan Valachovic",NA,Y,N,N,70,NA,NA,N,17.13576063,48.56391394,17.13576954,48.56387916,17.13570302,48.56387411,2024,new,NA,NA,NA,NA,resampling,Corynephorion,14
63,SK,NA,NA,NA,00,1120,20240507,NA,25,150,NA,0,NA,0,0,80,40,0,0,10,0,0,0,0,0,0,25,0,50,0,N,N,NA,01,NA,Y,38,44,38_44_2,square,N,NA,3,"Klára Klinkovská, Masaryk University",0,16.95028122,48.55788426,0,"Moravský Svätý Ján (distr. Senica), Borová, 5.4 km SWW from the church",PKK087,dry grassland,NA,NA,NA,NA,NA,NA,NA,NA,NA,NA,NA,NA,NA,"Klara Klinkovska, Mirjana Cuk",624690,Y,N,N,10,Y,conservation management,N,16.95034901,48.5578963,16.95036579,48.55785093,16.9502984,48.55784016,2024,new,NA,NA,NA,NA,resampling,Armerion,30
64,SK,NA,NA,NA,00,1120,20240507,NA,25,150,NA,0,NA,0,0,60,40,1,0,10,0,0,0,0,0,0,20,0,50,0,N,N,NA,01,NA,Y,38,45,38_45_2,square,N,NA,3,"Klára Klinkovská, Masaryk University",0,16.95140379,48.55682973,0,"Moravský Svätý Ján (distr. Senica), Borová, 5.4 km SWW from the church",PKK088,pioneer sand vegetation with Bromus tectorum,NA,NA,NA,NA,NA,NA,NA,NA,NA,NA,NA,NA,NA,"Klara Klinkovska, Mirjana Cuk",624695,Y,N,N,10,Y,conservation management,N,16.95147322,48.55682902,16.95147915,48.556782750000004,16.95140768,48.55678363,2024,new,NA,NA,NA,NA,resampling,Corynephorion,32
65,SK,NA,NA,NA,00,1120,20240507,NA,45,150,NA,0,NA,0,0,20,25,60,0,5,0,0,0,0,0,0,10,0,30,0,N,N,NA,01,NA,Y,38,46,38_46_2,rectangle 5x9 m,N,NA,3,"Klára Klinkovská, Masaryk University",0,16.94866255,48.55796768,0,"Moravský Svätý Ján (distr. Senica), Borová, 5.5 km SWW from the church",PKK089,"sand vegetation with dominance of lichens, pines nearby",NA,NA,NA,NA,NA,NA,NA,NA,NA,NA,NA,NA,NA,"Klara Klinkovska, Mirjana Cuk",624697,Y,N,N,8,Y,conservation management,N,16.94872273,48.55795101,16.94868596,48.55787598,16.94862397,48.55789131,2024,new,NA,NA,NA,NA,resampling,Corynephorion,32
66,SK,NA,NA,NA,00,1120,20240507,NA,25,150,NA,0,NA,0,0,60,10,40,0,10,0,0,0,0,0,0,25,0,90,0,N,N,NA,01,NA,Y,38,47,38_47_2,square,N,NA,3,"Klára Klinkovská, Masaryk University",0,16.94840225,48.55791404,0,"Moravský Svätý Ján (distr. Senica), Borová, 5.5 km SWW from the church",PKK090,sand grassland at the edge of forest,NA,NA,NA,NA,NA,NA,NA,NA,NA,NA,NA,NA,NA,"Klara Klinkovska, Mirjana Cuk",624698,Y,N,N,5,Y,conservation management,N,16.94846218,48.55793724,16.94849644,48.55789735,16.94843552,48.5578734,2024,new,NA,NA,NA,NA,resampling,Corynephorion,32
67,SK,NA,NA,NA,00,1120,20240507,NA,25,160,NA,0,NA,0,1,45,70,5,0,8,0,0,0,0,0,0,20,0,90,0,N,N,NA,01,NA,Y,39,48,39_48_2,square,N,NA,3,"Klára Klinkovská, Masaryk University",0,17.00646331,48.53966599,0,"Závod (distr. Malacky), 90 m NWW from the train station",PKK091,open sandy patch between pines and Robinia,NA,NA,NA,NA,NA,NA,NA,NA,NA,NA,NA,NA,NA,"Klara Klinkovska, Mirjana Cuk",624744,Y,N,N,5,NA,NA,N,17.00653315,48.53966053,17.00652675,48.5396147,17.0064585,48.53961959,2024,new,NA,NA,NA,NA,resampling,Corynephorion,61
68,SK,NA,NA,NA,00,1120,20240507,NA,25,180,NA,0,NA,0,0,65,0,0,0,5,0,0,0,0,0,0,25,0,40,0,N,N,NA,01,NA,Y,40,49,40_49_2,square,N,NA,3,"Klára Klinkovská, Masaryk University",0,17.0613204,48.60165258,0,"Borský Svätý Jur (distr. Senica), 1.7 km SE from the church of St. George",PKK092,"abandoned field, spontaneous succession of sand vegetation",NA,NA,NA,NA,NA,NA,NA,NA,NA,NA,NA,NA,NA,"Klara Klinkovska, Mirjana Cuk",622128,Y,N,N,30,NA,NA,N,17.06138714,48.60164048,17.06137451,48.60159527,17.06130638,48.60160709,2024,new,NA,NA,NA,NA,resampling,Corynephorion,69
70,CZ,NA,NA,NA,00,1120,20240510,NA,25,150,NA,0,NA,0,0,75,5,0,0,80,0,0,0,0,0,0,25,0,80,0,N,N,NA,01,NA,Y,41,50,41_50_2,square,N,NA,3,"Klára Klinkovská, Masaryk University",0,0,0,0,"Lanžhot (distr. Břeclav), Soutok, 9 km S from the church",PKK094,"open Quercus forest, grazing of wild animals",NA,NA,NA,NA,NA,NA,NA,NA,NA,NA,NA,NA,NA,Klara Klinkovska,445400,Y,N,N,5,NA,grazed,N,16.95879148,48.64418001,16.9587586,48.64413874,16.95869817,48.64415969,2024,new,NA,NA,NA,NA,resampling,Armerion,29
71,CZ,NA,NA,NA,00,1120,20240510,NA,16,150,NA,0,NA,0,0,70,20,0,0,10,0,0,0,0,0,0,25,0,60,0,N,N,NA,01,NA,Y,41,51,41_51_2,square,N,NA,3,"Klára Klinkovská, Masaryk University",0,16.95792887,48.64511486,0,"Lanžhot (distr. Břeclav), Soutok, 8.8 km S from the church",PKK095,"dry grassland, grazing of wild animals",NA,NA,NA,NA,NA,NA,NA,NA,NA,NA,NA,NA,NA,Klara Klinkovska,445450,Y,N,N,5,NA,grazed,N,16.95798297,48.64511669,16.95798776,48.64508087,16.95793415,48.64507901,2024,new,NA,NA,NA,NA,resampling,Armerion,29
72,CZ,NA,NA,NA,00,1120,20240510,NA,25,150,NA,0,NA,0,0,70,20,0,0,20,0,0,0,0,0,0,35,0,90,0,N,N,NA,01,NA,Y,42,52,42_52_2,square,N,NA,3,"Klára Klinkovská, Masaryk University",0,16.93301201,48.64178841,0,"Lanžhot (distr. Břeclav), Soutok, 9.5 km SW from the church",PKK096,dry sandy grassland on a small local hill,NA,NA,NA,NA,NA,NA,NA,NA,NA,NA,NA,NA,NA,Klara Klinkovska,452435,Y,N,N,3,NA,NA,N,16.9330727,48.64176471,16.93304658,48.64172154,16.93298526,48.64174414,2024,new,NA,NA,NA,NA,resampling,Armerion,27
73,CZ,NA,NA,NA,00,NA,20240518,NA,25,155,315,5,98,NA,NA,95,10,0,NA,45,NA,0,NA,NA,NA,NA,27,NA,NA,NA,NA,NA,NA,01,NA,Y,58,53,58_53_2,square,N,NA,3,"Klára Klinkovská, Masaryk University",NA,0,0,NA,"Lanžhot (distr. Břeclav), 500 m NNW from the Lány chateau",PDB01,NA,NA,NA,NA,NA,NA,NA,NA,NA,NA,NA,NA,NA,NA,Dariia Borovyk,445394,Y,N,N,1,NA,NA,N,16.9163855,48.7168575,NA,NA,16.91644311,48.71690919,2024,new,NA,NA,NA,NA,resampling,Armerion,29
74,CZ,NA,NA,NA,00,NA,20240518,NA,25,155,220,5,95,NA,NA,85,40,0,NA,25,NA,0,NA,NA,NA,NA,20,NA,NA,NA,NA,NA,NA,01,NA,Y,58,54,58_54_2,square,N,NA,3,"Klára Klinkovská, Masaryk University",NA,0,0,NA,"Lanžhot (distr. Břeclav), 400 m NNW from the Lány chateau",PDB02,NA,NA,NA,NA,NA,NA,NA,NA,NA,NA,NA,NA,NA,NA,Dariia Borovyk,445395,Y,N,N,1,NA,NA,N,16.91695094,48.71574381,NA,NA,16.91702097,48.71578636,2024,new,NA,NA,NA,NA,resampling,Armerion,29
75,CZ,NA,NA,NA,00,NA,20240519,NA,2,198,NA,0,70,NA,NA,65,15,0,NA,40,NA,0,NA,NA,NA,NA,28,NA,NA,NA,NA,NA,NA,01,NA,Y,59,55,59_55_2,NA,N,NA,4,"Klára Klinkovská, Masaryk University",NA,16.79169444,48.74975,NA,"Valtice (distr. Břeclav), 100 m SE from the Rendez-vous chateau",PDB03,NA,NA,NA,NA,NA,NA,NA,NA,NA,NA,NA,NA,NA,NA,Dariia Borovyk,402435,Y,N,N,5,NA,NA,N,0,0,NA,NA,0,0,2024,new,NA,NA,NA,NA,resampling,Armerion,22
76,CZ,NA,NA,NA,00,NA,20240519,NA,25,165,NA,0,95,NA,NA,75,65,2,NA,25,NA,0,NA,NA,NA,NA,20,NA,NA,NA,NA,NA,NA,01,NA,Y,60,56,60_56_2,square,N,NA,3,"Klára Klinkovská, Masaryk University",NA,0,0,NA,"Poštorná (distr. Břeclav), 2.2 km S from the train station Boří les, PR Františkův rybník, 90 m E from the pond",PDB04,NA,NA,NA,NA,NA,NA,NA,NA,NA,NA,NA,NA,NA,NA,Dariia Borovyk,445462,Y,N,N,1,NA,NA,N,16.86681833,48.71805513,NA,NA,16.86689281,48.71809658,2024,new,NA,NA,NA,NA,resampling,Armerion,27
77,CZ,NA,NA,NA,00,NA,20240519,NA,25,166,NA,0,95,NA,NA,90,25,0,NA,30,NA,0,NA,NA,NA,NA,25,NA,NA,NA,NA,NA,NA,01,NA,Y,60,57,60_57_2,square,N,NA,3,"Klára Klinkovská, Masaryk University",NA,0,0,NA,"Poštorná (distr. Břeclav), 2.2 km S from the train station Boří les, PR Františkův rybník, 130 m E from the pond",PDB05,NA,NA,NA,NA,NA,NA,NA,NA,NA,NA,NA,NA,NA,NA,Dariia Borovyk,445463,Y,N,N,0,NA,NA,N,16.86735947,48.71839002,NA,NA,16.86743706,48.71842756,2024,new,NA,NA,NA,NA,resampling,Armerion,27
101,AT,NA,NA,NA,00,NA,20240430,NA,100,160,NA,0,95,0,1,85,1,0,0,15,0,0,0,0,0,0,30,0,60,0,N,N,Hieracium sp. = Pilosella rothiana,NA,NA,Y,43,58,43_58_2,square,N,NA,3,"Klára Klinkovská, Masaryk University",0,16.66418303,48.29360782,0,"Gänserndorf (distr. Gänserndorf), 7.3 km SW from the train station",PKK067,"ruderalized grassland, pasture of horses",NA,NA,NA,NA,NA,NA,NA,NA,NA,NA,NA,NA,NA,"Klara Klinkovska, Mirjana Cuk",307878,Y,N,N,3,NA,grazed,N,16.6643172,48.29360343,16.66430739,48.29351971,16.66417374,48.2935185,2024,new,NA,NA,NA,NA,resampling,Armerion,28
102,AT,NA,NA,NA,00,NA,20240430,NA,100,160,NA,0,100,0,0,90,50,1,0,20,0,0,0,0,0,0,20,0,40,0,N,N,NA,NA,NA,Y,43,59,43_59_2,square,N,NA,3,"Klára Klinkovská, Masaryk University",0,16.66456343,48.29285096,0,"Gänserndorf (distr. Gänserndorf), 7.3 km SW from the train station",PKK068,abandoned grassland,NA,NA,NA,NA,NA,NA,NA,NA,NA,NA,NA,NA,NA,"Klara Klinkovska, Mirjana Cuk",307896,Y,N,N,0,NA,abandoned,N,16.66469379,48.29286854,16.66470026,48.29277946,16.66456837,48.29276163,2024,new,NA,NA,NA,NA,resampling,Festucion valesiacae,28
103,AT,NA,NA,NA,00,NA,20240430,NA,100,160,NA,0,100,5,2,80,60,1,0,30,0,0,0,0,0,0,20,0,40,0,N,N,NA,NA,NA,Y,44,60,44_60_2,square,N,NA,3,"Klára Klinkovská, Masaryk University",0,16.79666312,48.27665121,0,"Schönfeld  im Marchfeld (distr. Gänserndorf), 1.4 km NW from the chapel",PKK069,"small patch of grassland, pine and Robinia forest nearby, shrub encroachment",NA,NA,NA,NA,NA,NA,NA,NA,NA,NA,NA,NA,NA,"Klara Klinkovska, Mirjana Cuk",307884,Y,N,N,2,NA,abandoned,N,0,0,16.79684972,48.27664523,16.79674254,48.27659301,2024,new,NA,NA,NA,NA,resampling,Festucion valesiacae,28
105,AT,NA,NA,NA,00,NA,20240501,NA,20,140,NA,0,70,0,0,70,8,0,0,15,0,0,0,0,0,0,15,0,50,0,N,N,NA,NA,NA,Y,45,61,45_61_2,rectangle 4x5 m,N,NA,3,"Klára Klinkovská, Masaryk University",0,16.87467914,48.32803084,0,"Zwerndorf (distr. Gänserndorf), 3 km SE from the church",PKK071,"disturbed sandy patch, animal feeding",NA,NA,NA,NA,NA,NA,NA,NA,NA,NA,NA,NA,NA,"Klara Klinkovska, Irena Axmanova",342099,Y,N,N,20,NA,"grazed, trampled",N,16.87474329,48.32803833,16.87476277,48.32800367,16.87468343,48.32799564,2024,new,NA,NA,NA,NA,resampling,Armerion,21
106,AT,NA,NA,NA,00,NA,20240501,NA,12,140,NA,0,70,0,0,60,15,0,0,30,0,0,0,0,0,0,15,0,30,0,N,N,NA,NA,NA,Y,46,62,46_62_2,rectangle 3x4 m,N,NA,4,"Klára Klinkovská, Masaryk University",0,16.9155663,48.2731539,3,"Marchegg (distr. Gänserndorf), Pulverturm, 750 m SE from the church",PKK072,dry grassland near the road,NA,NA,NA,NA,NA,NA,NA,NA,NA,NA,NA,NA,NA,"Klara Klinkovska, Irena Axmanova",342103,Y,N,N,8,Y,"mowed, trampled",N,0,0,0,0,0,0,2024,new,NA,NA,NA,NA,resampling,Armerion,21
107,AT,NA,NA,NA,00,NA,20240501,NA,20,140,240,5,70,0,0,65,5,0,0,50,0,0,0,0,0,0,20,0,50,0,N,N,NA,NA,NA,Y,46,63,46_63_2,rectangle 4x5 m,N,NA,4,"Klára Klinkovská, Masaryk University",0,16.9152187,48.2725077,3,"Marchegg (distr. Gänserndorf), Pulverturm, 800 m SE from the church",PKK073,dry grassland,NA,NA,NA,NA,NA,NA,NA,NA,NA,NA,NA,NA,NA,"Klara Klinkovska, Irena Axmanova",342104,Y,N,N,3,Y,conservation management,N,0,0,0,0,0,0,2024,new,NA,NA,NA,NA,resampling,Armerion,21
108,AT,NA,NA,NA,00,NA,20240501,NA,100,150,90,2,70,0,0,60,15,0,0,40,0,0,0,0,0,0,20,0,50,0,N,N,NA,NA,NA,Y,47,64,47_64_2,square,N,NA,4,"Klára Klinkovská, Masaryk University",0,16.8705732,48.2717186,3,"Marchegg (distr. Gänserndorf), Gerichtsberg, 3 km SWW from the church",PKK074,dry grassland,NA,NA,NA,NA,NA,NA,NA,NA,NA,NA,NA,NA,NA,"Klara Klinkovska, Irena Axmanova",307932,Y,N,N,10,NA,grazed,N,0,0,0,0,0,0,2024,new,NA,NA,NA,NA,resampling,Festucion valesiacae,28
109,AT,NA,NA,NA,00,NA,20240502,NA,100,155,180,10,NA,0,5,60,10,0,0,60,0,0,0,0,0,0,45,0,100,0,N,N,NA,NA,NA,Y,48,65,48_65_2,square,N,NA,4,"Klára Klinkovská, Masaryk University",0,16.7786896,48.298619,0,"Oberweiden (distr. Gänserndorf), Weikendorfer Remise, 3.6 km SEE from the church",PKK075,"abandoned grassland, expansion of Calamagrostis, ruderalized",NA,NA,NA,NA,NA,NA,NA,NA,NA,NA,NA,NA,NA,"Klara Klinkovska, Irena Axmanova",307937,Y,N,N,5,NA,abandoned,N,0,0,0,0,0,0,2024,new,NA,NA,NA,NA,resampling,Festucion valesiacae,27
110,AT,NA,NA,NA,00,NA,20240502,NA,100,155,NA,0,60,0,0,55,5,0,0,30,0,0,0,0,0,0,15,0,30,0,N,N,NA,NA,NA,Y,49,66,49_66_2,square,N,NA,3,"Klára Klinkovská, Masaryk University",0,16.82840938,48.2818287,0,"Oberweiden (distr. Gänserndorf), NSG Sandberge Oberweiden, 3.1 km S from the church",PKK076,well managed dry grassland,NA,NA,NA,NA,NA,NA,NA,NA,NA,NA,NA,NA,NA,"Klara Klinkovska, Irena Axmanova",307680,Y,N,N,20,Y,conservation management,N,16.82854272,48.28182444,16.82852824,48.28173929,16.82840042,48.28174074,2024,new,NA,NA,NA,NA,resampling,Festucion valesiacae,28
111,AT,NA,NA,NA,00,NA,20240502,NA,100,155,NA,0,70,0,0,70,5,0,0,20,0,0,0,0,0,0,20,0,60,0,N,N,NA,NA,NA,Y,49,67,49_67_2,square,N,NA,3,"Klára Klinkovská, Masaryk University",0,16.82932058,48.27940991,0,"Oberweiden (distr. Gänserndorf), NSG Sandberge Oberweiden, 3.4 km S from the church",PKK077,well managed dry grassland,NA,NA,NA,NA,NA,NA,NA,NA,NA,NA,NA,NA,NA,"Klara Klinkovska, Irena Axmanova",307909,Y,N,N,10,Y,conservation management,N,16.8294268,48.27935075,16.82934755,48.27928602,16.8292488,48.27933825,2024,new,NA,NA,NA,NA,resampling,Festucion valesiacae,27
113,AT,NA,NA,NA,00,NA,20240502,NA,100,150,NA,0,70,0,0,65,10,0,0,20,0,0,0,0,0,0,20,0,70,0,N,N,NA,NA,NA,Y,49,68,49_68_2,square,N,NA,3,"Klára Klinkovská, Masaryk University",0,16.83587006,48.27993365,0,"Oberweiden (distr. Gänserndorf), NSG Sandberge Oberweiden, 3.5 km S from the church",PKK079,less intensively managed grassland,NA,NA,NA,NA,NA,NA,NA,NA,NA,NA,NA,NA,NA,"Klara Klinkovska, Irena Axmanova",307671,Y,N,N,15,Y,conservation management,N,16.83597728,48.27988859,16.83592812,48.27980937,16.83581528,48.27985763,2024,new,NA,NA,NA,NA,resampling,Festucion valesiacae,27
114,AT,NA,NA,NA,00,NA,20240513,NA,100,145,180,10,NA,0,0,70,2,0,0,20,0,0,0,0,0,0,30,0,100,0,N,N,NA,NA,NA,Y,50,69,50_69_2,square,N,NA,3,"Klára Klinkovská, Masaryk University",0,16.85421774,48.21647438,0,"Lassee (distr. Gänserndorf), 2.6 km SE from the church",PKK097,dry grassland on a slope,NA,NA,NA,NA,NA,NA,NA,NA,NA,NA,NA,NA,NA,Klara Klinkovska,307936,Y,N,N,10,Y,conservation management,N,16.85432607,48.21642885,16.8542728,48.21635181,16.85415927,48.21639501,2024,new,NA,NA,NA,NA,resampling,Festucion valesiacae,27
115,AT,NA,NA,NA,00,NA,20240513,NA,20,145,NA,0,NA,0,0,80,10,0,0,35,0,0,0,0,0,0,30,0,90,0,N,N,NA,NA,NA,Y,53,70,53_70_2,rectangle 5x4 m,N,NA,3,"Klára Klinkovská, Masaryk University",0,16.87071591,48.21005617,0,"Lassee (distr. Gänserndorf), 4 km SE from the church",PKK098,"dry grassland, expansion of Solidago and Calamagrostis",NA,NA,NA,NA,NA,NA,NA,NA,NA,NA,NA,NA,NA,"Klara Klinkovska, Mirjana Cuk",307951,Y,N,N,10,Y,conservation management,Y,16.87076837,48.21004771,16.87075359,48.21000446,16.87070024,48.21001356,2024,new,NA,NA,NA,NA,resampling,Festucion valesiacae,27
116,AT,NA,NA,NA,00,NA,20240513,NA,100,160,180,5,NA,0,0,90,20,0,0,10,0,0,0,0,0,0,40,0,80,0,N,N,NA,NA,NA,Y,51,71,51_71_2,square,N,NA,3,"Klára Klinkovská, Masaryk University",0,16.89929253,48.22354895,0,"Groißenbrunn (distr. Gänserndorf), 400 m NWW from the church",PKK099,"dry grassland, large homogeneous area",NA,NA,NA,NA,NA,NA,NA,NA,NA,NA,NA,NA,NA,"Klara Klinkovska, Mirjana Cuk",307893,Y,N,N,7,NA,NA,Y,16.899399120000002,48.22359696,16.89946497,48.2235209,16.89935649,48.2234741,2024,new,NA,NA,NA,NA,resampling,Festucion valesiacae,28
118,AT,NA,NA,NA,00,NA,20240513,NA,10,160,NA,0,NA,0,0,65,40,0,0,20,0,0,0,0,0,0,30,0,40,0,N,N,NA,NA,NA,Y,51,72,51_72_2,square,N,NA,3,"Klára Klinkovská, Masaryk University",0,16.88411656,48.2304064,0,"Groißenbrunn (distr. Gänserndorf), 1.7 km NW from the church",PKK100,"dry grassland, very shallow soil, between Robinia forest and Arrhenatherum grassland",NA,NA,NA,NA,NA,NA,NA,NA,NA,NA,NA,NA,NA,"Klara Klinkovska, Mirjana Cuk",307892,Y,N,N,5,NA,NA,Y,16.88415437,48.23039299,16.8413512,48.23036778,16.884098,48.23038133,2024,new,NA,NA,NA,NA,resampling,Festucion valesiacae,27
120,AT,NA,NA,NA,00,NA,20240522,NA,100,151,NA,0,NA,0,5,75,15,0,0,40,0,0,0,0,0,0,30,0,75,0,N,N,Torilis cf. arvensis,NA,NA,Y,52,73,52_73_2,square,N,NA,3,"Klára Klinkovská, Masaryk University",0,NA,NA,5,"Gänserndorf (distr. Gänserndorf), 4 km S from the train station",PDB006,NA,NA,NA,NA,NA,NA,NA,NA,NA,NA,NA,NA,NA,NA,"Dariia Borovyk, Mirjana Cuk",307901,Y,N,N,1,NA,NA,N,0,0,16.7384478,48.30492875,0,0,2024,new,NA,NA,NA,NA,resampling,Festucion valesiacae,27
121,AT,NA,NA,NA,00,NA,20240522,NA,100,152,NA,0,NA,0,0,80,15,1,0,25,0,0,0,0,0,0,25,0,80,0,N,N,Hieracium echioides = Pilosella rothiana,NA,NA,Y,52,84,52_84_2,square,N,NA,3,"Klára Klinkovská, Masaryk University",0,16.7457334,48.29749778,5,"Gänserndorf (distr. Gänserndorf), 4.9 km S from the train station",PDB007,NA,NA,NA,NA,NA,NA,NA,NA,NA,NA,NA,NA,NA,NA,"Dariia Borovyk, Mirjana Cuk",307905,Y,N,N,3,NA,NA,N,0,0,0,0,0,0,2024,new,NA,NA,NA,NA,resampling,Festucion valesiacae,28
122,AT,NA,NA,NA,00,NA,20240523,NA,100,150,NA,0,NA,0,0,70,10,0,0,10,0,0,0,0,0,0,15,0,60,0,N,N,NA,NA,NA,Y,52,74,52_74_2,square,N,NA,3,"Klára Klinkovská, Masaryk University",0,16.72735948,48.28696581,5,"Gänserndorf (distr. Gänserndorf), 5.9 km S from the train station",PDB008,NA,NA,NA,NA,NA,NA,NA,NA,NA,NA,NA,NA,NA,NA,"Dariia Borovyk, Mirjana Cuk",307903,Y,N,N,15,NA,NA,N,0,0,0,0,0,0,2024,new,NA,NA,NA,NA,resampling,Festucion valesiacae,28
123,AT,NA,NA,NA,00,NA,20240523,NA,100,152,NA,0,NA,0,0,80,15,1,0,10,0,0,0,0,0,0,30,0,80,0,N,N,NA,NA,NA,Y,52,85,52_85_2,square,N,NA,3,"Klára Klinkovská, Masaryk University",0,16.7387249,48.29341897,5,"Gänserndorf (distr. Gänserndorf), 5.2 km S from the train station",PDB009,NA,NA,NA,NA,NA,NA,NA,NA,NA,NA,NA,NA,NA,NA,"Dariia Borovyk, Mirjana Cuk",307917,Y,N,N,5,NA,NA,N,0,0,0,0,0,0,2024,new,NA,NA,NA,NA,resampling,Festucion valesiacae,27
124,AT,NA,NA,NA,00,NA,20240523,NA,100,156,NA,0,NA,0,25,60,10,0,0,20,0,0,0,0,2.2,1,20,0,100,0,N,N,Carlina cf. vulgaris,NA,NA,Y,49,75,49_75_2,square,N,NA,3,"Klára Klinkovská, Masaryk University",0,16.83146237,48.28225456,5,"Oberweiden (distr. Gänserndorf), NSG Sandberge Oberweiden, 3.1 km S from the church",PDB010,NA,NA,NA,NA,NA,NA,NA,NA,NA,NA,NA,NA,NA,NA,"Dariia Borovyk, Mirjana Cuk",307926,Y,N,N,15,NA,NA,N,0,0,0,0,0,0,2024,new,NA,NA,NA,NA,resampling,Festucion valesiacae,28
125,AT,NA,NA,NA,00,NA,20240523,NA,100,171,NA,0,NA,0,0,60,25,2,0,15,0,0,0,0,0,0,20,0,100,0,N,N,NA,NA,NA,Y,51,76,51_76_2,square,N,NA,3,"Klára Klinkovská, Masaryk University",0,16.91158056,48.22132303,5,"Groißenbrunn (distr. Gänserndorf), 560 m SEE from the church",PDB011,NA,NA,NA,NA,NA,NA,NA,NA,NA,NA,NA,NA,NA,NA,"Dariia Borovyk, Mirjana Cuk",307946,Y,N,N,10,NA,NA,Y,0,0,0,0,0,0,2024,new,NA,NA,NA,NA,resampling,Festucion valesiacae,28
115548,CZ,101086,6,1,02,0937,20030510,23AA,16,180,NA,0,90,0,0,75,85,0,0,0,0,0,0,0,0,0,45,10,55,0,Y,Y,NA,01,NA,Y,6,9,6_9_1,NA,N,NA,NA,NA,0,171717,485630,NA,"Bzenec,východně od žel. zastávky Bzenec přívoz u trati Hodonín-Bzenec přívoz,u označení trati 118,6",01-Mar,"pás bezlesí na písku, nenarušované, nezastíněné stanoviště cca. 10m od trati",půda silně písčitá s minimální vrstvou humusu,NA,4.6,TGA01,Diantho serotini-Festucetum vaginatae,NA,NA,NA,NA,NA,NA,NA,NA,NA,NA,NA,NA,NA,NA,NA,NA,NA,NA,NA,NA,NA,NA,NA,2003,old,NA,NA,NA,NA,resampling,Armerion,0
115549,CZ,101086,6,2,02,0937,20030510,23AA,16,180,225,10,20,0,0,15,20,0,0,0,0,0,0,0,0,0,15,5,18,0,Y,Y,NA,01,NA,Y,6,79,6_79_1,NA,N,NA,NA,NA,0,171706,485627,NA,"Bzenec,východně od žel. zastávky Bzenec přívoz u trati Hodonín-Bzenec přívoz,u označení trati 118,4",02-Mar,"sešlapávaná písčitá cesta, večer pravděpodobně zastíněná.",půda silně písčitá,NA,4.2,TGA01,Diantho serotini-Festucetum vaginatae,NA,NA,NA,NA,NA,NA,NA,NA,NA,NA,NA,NA,NA,NA,NA,NA,NA,NA,NA,NA,NA,NA,NA,2003,old,NA,NA,NA,NA,resampling,Corynephorion,0
115550,CZ,101086,7,3,02,0937,20030511,26BB,16,190,NA,0,75,0,0,50,70,0,0,0,0,0,0,0,0,0,40,10,140,0,Y,Y,NA,01,NA,Y,1,22,1_22_1,NA,N,NA,NA,NA,0,171739,485800,NA,"Bzenec, PP Vojenské cvičiště Bzenec cca 2,5 km JV od kostela v Bzenci",03-Mar,"souvislý porost na písku, nenarušované a nezastíněné místo",půda silně písčitá,NA,4.3,?,NA,NA,NA,NA,NA,NA,NA,NA,NA,NA,NA,NA,NA,NA,NA,NA,NA,NA,NA,NA,NA,NA,NA,NA,2003,old,NA,NA,NA,NA,resampling,Armerion,0
115551,CZ,101086,6,4,02,0937,20030511,23AA,15,200,NA,0,25,0,0,14,20,0,0,0,0,0,0,0,0,0,10,5,13,0,Y,Y,Plocha 3x5 m.,01,NA,Y,1,77,1_77_1,NA,N,NA,NA,NA,0,171738,485800,NA,"Bzenec, PP Vojenské cvičiště Bzenec cca 2,3 km JV od kostela v Bzenci",04-Mar,"sešlapávaná, nezastíněná cesta na písku",půda silně písčitá,NA,4.2,TFA01,Corniculario aculeatae-Corynephoretum canescentis,NA,NA,NA,NA,NA,NA,NA,NA,NA,NA,NA,NA,NA,NA,NA,NA,NA,NA,NA,NA,NA,NA,NA,2003,old,NA,NA,NA,NA,resampling,Corynephorion,0
115552,CZ,101086,7,5,02,0937,20030517,26BB,16,200,NA,0,75,0,0,60,65,0,0,0,0,0,0,0,0,0,75,15,120,0,Y,Y,NA,01,NA,Y,1,83,1_83_1,NA,N,NA,NA,NA,0,171737,485800,NA,"Bzenec, PP Vojenské cvičiště Bzenec cca 2,1 km JJV od kostela v Bzenci",05-Mar,Nenarušovaná plocha 100m od zemědělského objektu (možnost ovlivnění eutrofizací).,půda silně písčitá,NA,5.5,TGA01,Diantho serotini-Festucetum vaginatae,NA,NA,NA,NA,NA,NA,NA,NA,NA,NA,NA,NA,NA,NA,NA,NA,NA,NA,NA,NA,NA,NA,NA,2003,old,NA,NA,NA,NA,resampling,Armerion,0
115553,CZ,101086,8,6,02,0937,20040514,39,16,180,NA,0,70,0,0,70,0,0,0,0,0,0,0,0,0,0,20,15,50,0,Y,Y,Veronica sp. = V. praecox v orig. (pravděpod. determinač,02,NA,Y,8,15,8_15_1,NA,N,NA,NA,NA,0,165015,484420,NA,"Břeclav, Boří les, cca 2km Z od žel. zastávky Boří les na J straně kolejí Valtice-Břeclav.",01-Apr,"Nenarušovaná travnatá plocha cca. 5m od kolejí, bez zastínění, s velkým množstvím odumřelé biomasy",půda hlinitopísčitá,NA,5.8,?,NA,NA,NA,NA,NA,NA,NA,NA,NA,NA,NA,NA,NA,NA,NA,NA,NA,NA,NA,NA,NA,NA,NA,NA,2004,old,NA,NA,NA,NA,resampling,Armerion,0
115554,CZ,101086,6,7,02,0937,20040514,37AA,12,170,90,1,30,0,0,30,0,0,0,0,0,0,0,0,0,0,10,5,25,0,Y,Y,Plocha 2x6 m.,02,NA,Y,8,16,8_16_1,NA,N,NA,NA,NA,0,165042,484418,NA,"Břeclav, Boří les, cca 1,5km Z od žel. zastávky Boří les jižně od žel. trati Valtice-Břeclav.",02-Apr,"Sešlapávaná písčitá lesní cesta, pravděpodobně bez zastínění",půda silně písčitá,NA,6,?,NA,NA,NA,NA,NA,NA,NA,NA,NA,NA,NA,NA,NA,NA,NA,NA,NA,NA,NA,NA,NA,NA,NA,NA,2004,old,NA,NA,NA,NA,resampling,Armerion,0
115556,CZ,101086,6,9,02,0937,20040516,23AA01,16,205,NA,0,80,0,0,75,50,0,0,0,0,0,0,0,0,0,30,15,45,0,Y,Y,NA,02,NA,Y,7,81,7_81_1,NA,N,NA,NA,NA,0,170830,485308,NA,"Hodonín, část Pánov, Hrubá louka cca. 2,5 km SSV od železničního nádraží Hodoní",04-Apr,"Neúplně zapojený, občas narušovaný porost cca. 10m od cesty.",půda silně písčitá,NA,4.6,?,NA,NA,NA,NA,NA,NA,NA,NA,NA,NA,NA,NA,NA,NA,NA,NA,NA,NA,NA,NA,NA,NA,NA,NA,2004,old,NA,NA,NA,NA,resampling,Armerion,0
115557,CZ,101086,6,10,02,0937,20040516,23AA01,16,210,135,5,60,0,0,50,50,0,0,0,0,0,0,0,0,0,30,10,50,0,Y,Y,NA,02,NA,Y,7,80,7_80_1,NA,N,NA,NA,NA,0,170823,485319,NA,"Hodonín, část Pánov, Hrubá louka  cca. 2,7 km SSV od žel. nádraží Hodonín.",05-Apr,"Plocha ještě před dvěma lety využívaná jako tankodrom, dnes cvičiště na paint-ball.",půda silně písčitá,NA,4.7,?,NA,NA,NA,NA,NA,NA,NA,NA,NA,NA,NA,NA,NA,NA,NA,NA,NA,NA,NA,NA,NA,NA,NA,NA,2004,old,NA,NA,NA,NA,resampling,Armerion,0
115560,CZ,101086,6,13,02,0937,20040521,25AD,15,190,225,40,50,0,0,25,50,0,0,0,0,0,0,0,0,0,25,15,50,0,Y,Y,Plocha 3x5 m.,02,NA,Y,5,7,5_7_1,NA,N,NA,NA,NA,0,171202,485347,NA,"Rohatec, nepoužívaná trať z Ratíškovic do Rohatec kolonie cca. 400m SV od žel. stanice Rohatec",08-Apr,"Svah na SV straně kolejí, při dešti eroduje.",půda silně písčitá,NA,5.5,?,NA,NA,NA,NA,NA,NA,NA,NA,NA,NA,NA,NA,NA,NA,NA,NA,NA,NA,NA,NA,NA,NA,NA,NA,2004,old,NA,NA,NA,NA,resampling,Armerion,0
115564,CZ,101086,7,17,02,0937,20040531,NA,16,160,NA,0,85,0,0,80,25,0,0,0,0,0,0,0,0,0,50,30,100,0,Y,Y,NA,02,NA,Y,8,14,8_14_1,NA,N,NA,NA,NA,0,165121,484415,NA,"Břeclav, Boří les, na J straně žel. trati Valtice-Břeclav, cca. 200m Z od žel. zastávky Boří les.",12-Apr,"Nesešlapávaný suchý trávník večer zastíněný, s velkým množstvím odumřelé biomasy na povrchu půdy.",půda písčitá,NA,5.6,?,NA,NA,NA,NA,NA,NA,NA,NA,NA,NA,NA,NA,NA,NA,NA,NA,NA,NA,NA,NA,NA,NA,NA,NA,2004,old,NA,NA,NA,NA,resampling,Armerion,0
115567,CZ,101086,7,20,02,0937,20040623,25AD,16,205,270,3,90,0,0,80,85,0,0,0,0,0,0,0,0,0,30,15,100,0,Y,Y,NA,02,NA,Y,7,11,7_11_1,NA,N,NA,NA,NA,0,170807,485325,NA,"Hodonín, část Pánov, Hrubá louka necelé 4km SSV od žel. nádraží Hodonín.",15-Apr,"Zapojený trávník, večer zastíněný, na povrchu půdy vrstva mrtvé biomasy.",půda silně písčitá,NA,4.8,?,NA,NA,NA,NA,NA,NA,NA,NA,NA,NA,NA,NA,NA,NA,NA,NA,NA,NA,NA,NA,NA,NA,NA,NA,2004,old,NA,NA,NA,NA,resampling,Armerion,0
115573,CZ,101086,6,26,02,0937,20040720,23AA01,16,190,NA,0,95,0,0,85,90,0,0,0,0,0,0,0,0,0,30,10,80,0,Y,Y,NA,02,NA,Y,1,23,1_23_1,NA,N,NA,NA,NA,0,171725,485732,NA,"Bzenec, PP Vojenské cvičiště Bzenec cca.2,5km JV od bzeneckého kostela.",21-Apr,Zapojený suchý trávník,půda silně písčitá,NA,5.1,TGA01,Diantho serotini-Festucetum vaginatae,NA,NA,NA,NA,NA,NA,NA,NA,NA,NA,NA,NA,NA,NA,NA,NA,NA,NA,NA,NA,NA,NA,NA,2004,old,NA,NA,NA,NA,resampling,Armerion,0
115574,CZ,101086,6,27,02,0937,20040720,23AA,16,190,225,1,85,0,0,60,85,0,0,0,0,0,0,0,0,0,30,10,40,0,Y,Y,NA,02,NA,Y,1,1,1_1_1,NA,N,NA,NA,NA,0,171728,485730,NA,"Bzenec, PP Vojenské cvičiště Bzenec cca.2,5km JV od bzeneckého kostela.",22-Apr,"Suchý trávník s převažující pokryvností mechového patra, nezastíněné místo.",půda silně písčitá,NA,4.4,TFA01,Corniculario aculeatae-Corynephoretum canescentis,NA,NA,NA,NA,NA,NA,NA,NA,NA,NA,NA,NA,NA,NA,NA,NA,NA,NA,NA,NA,NA,NA,NA,2004,old,NA,NA,NA,NA,resampling,Corynephorion,0
115575,CZ,101086,6,28,02,0937,20040927,23AA01,16,190,NA,0,85,0,0,65,80,0,0,0,0,0,0,0,0,0,30,10,50,0,Y,Y,NA,02,NA,Y,10,86,10_86_1,NA,N,NA,NA,NA,0,171656,485603,NA,"Bzenec, NPP Váté písky, cca. 1,5km JZ od žel. zastávky Bzenec přívoz.",23-Apr,Suchý trávník na konci sezony.,půda silně písčitá,NA,4.3,?,NA,NA,NA,NA,NA,NA,NA,NA,NA,NA,NA,NA,NA,NA,NA,NA,NA,NA,NA,NA,NA,NA,NA,NA,2004,old,NA,NA,NA,NA,resampling,Armerion,0
115576,CZ,101086,6,29,02,0937,20050514,23AA,16,190,135,2,60,0,0,15,50,0,0,0,0,0,0,0,0,0,15,5,25,0,Y,Y,NA,03,NA,Y,1,3,1_3_1,NA,N,NA,NA,NA,0,171732,485721,NA,"Bzenec, PP Vojenské cvičiště Bzenec, cca. 3km JV od bzeneckého kostela.",01-May,"Občas narušovaná plocha (paint-ball), dřív patrně cesta, bez zastínění.",půda silně písčitá,NA,4.4,TFA01,Corniculario aculeatae-Corynephoretum canescentis,NA,NA,NA,NA,NA,NA,NA,NA,NA,NA,NA,NA,NA,NA,NA,NA,NA,NA,NA,NA,NA,NA,NA,2005,old,NA,NA,NA,NA,resampling,Corynephorion,0
115577,CZ,101086,7,30,02,0937,20050514,26BB,16,190,135,3,80,0,0,50,75,0,0,0,0,0,0,0,0,0,25,10,40,0,Y,Y,NA,03,NA,Y,1,2,1_2_1,NA,N,NA,NA,NA,0,171727,485725,NA,"Bzenec, PP Vojenské cvičiště Bzenec, cca. 3,1 km JV od bzeneckého kostela.",02-May,"Zapojený suchý trávník na okraji lesa, povrch půdy pokrytý stařinou, během dne pravděp. zastíněno.",půda silně písčitá,NA,5.1,?,NA,NA,NA,NA,NA,NA,NA,NA,NA,NA,NA,NA,NA,NA,NA,NA,NA,NA,NA,NA,NA,NA,NA,NA,2005,old,NA,NA,NA,NA,resampling,Armerion,0
115585,CZ,101086,6,38,02,0937,20050521,25AD,16,190,NA,0,80,0,0,60,75,0,0,0,0,0,0,0,0,0,30,10,50,0,Y,Y,NA,03,NA,Y,10,20,10_20_1,NA,N,NA,NA,NA,0,171611,485542,NA,"Bzenec, NPP Váté písky, cca.2km JZ od žel. zast. Bzenec přívoz na S straně kolejí Hodonín-Zlín.",10-May,"Zapojený suchý trávník, bez zastínění.",půda silně písčitá,NA,4.8,TFA01,Corniculario aculeatae-Corynephoretum canescentis,NA,NA,NA,NA,NA,NA,NA,NA,NA,NA,NA,NA,NA,NA,NA,NA,NA,NA,NA,NA,NA,NA,NA,2005,old,NA,NA,NA,NA,resampling,Corynephorion,0
115586,CZ,101086,6,39,02,0937,20050521,25AD,16,190,NA,0,75,0,0,70,50,0,0,0,0,0,0,0,0,0,40,5,50,0,Y,Y,NA,03,NA,Y,10,21,10_21_1,NA,N,NA,NA,NA,0,171611,485548,NA,"Bzenec, NPP Váté písky, cca.2km JZ od žel. zast. Bzenec přívoz na J straně kolejí Hodonín-Zlín.",11-May,"Zapojený suchý trávník s kavyly, bez zastínění.",půda silně písčitá,NA,5,TGA01,Diantho serotini-Festucetum vaginatae,NA,NA,NA,NA,NA,NA,NA,NA,NA,NA,NA,NA,NA,NA,NA,NA,NA,NA,NA,NA,NA,NA,NA,2005,old,NA,NA,NA,NA,resampling,Corynephorion,0
115605,CZ,101086,6,58,02,0937,20050609,23AA,15,180,NA,0,50,0,0,50,0,0,0,0,0,0,0,0,0,0,15,2,20,0,Y,Y,Plocha 3x5 m.,03,NA,Y,6,8,6_8_1,NA,N,NA,NA,NA,0,171744,485633,NA,"Bzenec, pískovna cca. 1km SV od žel. zastávky Bzenec přívoz.",30-May,"Pískovna, její nejvyšší stupeň, plošina už delší dobu nenarušovaná.",půda silně písčitá,NA,6,TFA01,Corniculario aculeatae-Corynephoretum canescentis,NA,NA,NA,NA,NA,NA,NA,NA,NA,NA,NA,NA,NA,NA,NA,NA,NA,NA,NA,NA,NA,NA,NA,2005,old,NA,NA,NA,NA,resampling,Corynephorion,0
115606,CZ,101086,6,59,02,0937,20050609,23AA,16,170,NA,0,20,0,0,20,0,0,0,0,0,0,0,0,0,0,20,5,30,0,Y,Y,NA,03,NA,Y,6,78,6_78_1,NA,N,NA,NA,NA,0,171745,485634,NA,"Bzenec, pískovna cca. 1km SV od žel. zastávky Bzenec přívoz.",31-May,"Pískovna, její druhý nejvyšší stupeň, plošina nedávno narušovaná.",půda silně písčitá,NA,6.4,TFA01,Corniculario aculeatae-Corynephoretum canescentis,NA,NA,NA,NA,NA,NA,NA,NA,NA,NA,NA,NA,NA,NA,NA,NA,NA,NA,NA,NA,NA,NA,NA,2005,old,NA,NA,NA,NA,resampling,Corynephorion,0
115608,CZ,101086,7,61,02,0937,20050621,26BB,16,210,NA,0,95,0,0,95,50,0,0,0,0,0,0,0,0,0,30,10,50,0,Y,Y,NA,03,NA,Y,7,12,7_12_1,NA,N,NA,NA,NA,0,170820,485300,NA,"Hodonín, část Pánov, Hrubá louka cca. 4km S od kostela v Hodoníně.",33/05,"Zapojený suchý trávník na nenarušovaném, nezastíněném místě.",půda silně písčitá,NA,5.3,?,NA,NA,NA,NA,NA,NA,NA,NA,NA,NA,NA,NA,NA,NA,NA,NA,NA,NA,NA,NA,NA,NA,NA,NA,2005,old,NA,NA,NA,NA,resampling,Armerion,0
115616,CZ,101086,6,69,02,0937,20050623,23AA01,16,210,NA,0,95,0,0,95,5,0,0,0,0,0,0,0,0,0,35,15,50,0,Y,Y,NA,03,NA,Y,7,10,7_10_1,NA,N,NA,NA,NA,0,170811,485307,NA,"Hodonín, část Pánov, Hrubá louka cca. 4,5km od kostela v Hodoníně.",41/05,Suchý trávník z J a S strany chráněný stromy před větrem. Kolem poledne zastíněný.,půda silně písčitá,NA,5.2,?,NA,NA,NA,NA,NA,NA,NA,NA,NA,NA,NA,NA,NA,NA,NA,NA,NA,NA,NA,NA,NA,NA,NA,NA,2005,old,NA,NA,NA,NA,resampling,Armerion,0
115617,CZ,101086,6,70,02,0937,20050623,23AA01,16,210,180,2,95,0,0,90,85,0,0,0,0,0,0,0,0,0,35,10,40,0,Y,Y,NA,03,NA,Y,7,13,7_13_1,NA,N,NA,NA,NA,0,170805,485321,NA,"Hodonín, část Pánov, Hrubá louka cca. 4,5km od kostela v Hodoníně.",42/05,Suchý trávník na nenarušovaném místě bez zastínění.,půda silně písčitá,NA,4.8,?,NA,NA,NA,NA,NA,NA,NA,NA,NA,NA,NA,NA,NA,NA,NA,NA,NA,NA,NA,NA,NA,NA,NA,NA,2005,old,NA,NA,NA,NA,resampling,Armerion,0
115627,CZ,101086,7,80,02,0937,20050715,26BB,16,190,225,1,98,0,0,90,75,0,0,0,0,0,0,0,0,0,100,10,130,0,Y,Y,NA,03,NA,Y,3,5,3_5_1,NA,N,NA,NA,NA,0,171146,485521,NA,"Ratíškovice, 2,5km V od ratíškovického kostela.",53/05,"Trávník na okraji lesa, nesešlapávaný, nekosený. Bez zastínění.",půda písčitá,NA,5.6,?,NA,NA,NA,NA,NA,NA,NA,NA,NA,NA,NA,NA,NA,NA,NA,NA,NA,NA,NA,NA,NA,NA,NA,NA,2005,old,NA,NA,NA,NA,resampling,Armerion,0
115628,CZ,101086,6,81,02,0937,20050715,37AA,16,180,360,5,98,0,0,50,90,0,0,0,0,0,0,0,0,0,30,5,40,0,Y,Y,opravena souřadnice,03,NA,Y,12,25,12_25_1,NA,N,NA,NA,NA,0,171153,485428,NA,"Rohatec, 2km SSV od žel. zastávky Rohatec kolonie.",54/05,"Suchý trávník v pásu ochrany podél el. vedení, zastíněný kolem poledne.",půda písčitá,NA,4.5,?,NA,NA,NA,NA,NA,NA,NA,NA,NA,NA,NA,NA,NA,NA,NA,NA,NA,NA,NA,NA,NA,NA,NA,NA,2005,old,NA,NA,NA,NA,resampling,Armerion,0
115642,CZ,101086,7,95,02,0937,20060516,26BB,16,180,NA,0,90,0,0,50,80,0,0,0,0,0,0,0,0,0,20,3,50,0,Y,Y,NA,03,NA,Y,13,24,13_24_1,NA,N,NA,NA,NA,0,171453,485818,NA,"Bzenec, cca. 1,5km ZZZJod bzeneckého kostela, S od žel. trati Bzenec-Kyjov.",10-Jun,"Suchý trávník vedle oploceného tenisového kurtu, sešlapávaný, hodně stařiny.",půda písčitá,NA,6.7,TGA01,Diantho serotini-Festucetum vaginatae,NA,NA,NA,NA,NA,NA,NA,NA,NA,NA,NA,NA,NA,NA,NA,NA,NA,NA,NA,NA,NA,NA,NA,2006,old,NA,NA,NA,NA,resampling,Armerion,0
115650,CZ,101086,7,103,02,0937,20060520,25AD,16,180,90,1,70,0,0,40,50,0,0,0,0,0,0,0,0,0,40,10,60,0,Y,Y,NA,03,NA,Y,9,17,9_17_1,NA,N,NA,NA,NA,0,171239,485410,NA,"Soboňky, cca. 1,5km VVS od žel. zastávky Rohatec, na Z okraji dolního rybníku.",18-Jun,"Trávník cca. 10m od břehu rybníka, nesečený, na povrchu půdy velké množství stařiny.",půda písčitá,NA,4.9,?,NA,NA,NA,NA,NA,NA,NA,NA,NA,NA,NA,NA,NA,NA,NA,NA,NA,NA,NA,NA,NA,NA,NA,NA,2006,old,NA,NA,NA,NA,resampling,Corynephorion,0
115652,CZ,101086,7,105,02,0937,20060520,25AD,16,200,90,2,95,0,0,60,90,0,0,0,0,0,0,0,0,0,30,5,50,0,Y,Y,NA,03,NA,Y,9,19,9_19_1,NA,N,NA,NA,NA,0,171223,485425,NA,"Soboňky, cca. 2km SSV od žel. zastávky Rohatec.",20-Jun,"Trávník na vršku svahu, večer zastíněný, pravděpodobně sečený, na zemi stařina.",půda písčitá,NA,4.7,?,NA,NA,NA,NA,NA,NA,NA,NA,NA,NA,NA,NA,NA,NA,NA,NA,NA,NA,NA,NA,NA,NA,NA,NA,2006,old,NA,NA,NA,NA,resampling,Corynephorion,0
115653,CZ,101086,6,106,02,0937,20060520,37AA,16,200,360,20,90,0,0,40,80,0,0,0,0,0,0,0,0,0,30,10,50,0,Y,Y,NA,03,NA,Y,9,18,9_18_1,NA,N,NA,NA,NA,0,171225,485424,NA,"Soboňky, cca1,8km SV od žel. zastávky Rohatec.",21-Jun,"Suchý trávník na hraně svahu, pravděpodobně kosený, na zemi malé množství stařiny.",půda písčitá až hlinitopísčitá,NA,5,?,NA,NA,NA,NA,NA,NA,NA,NA,NA,NA,NA,NA,NA,NA,NA,NA,NA,NA,NA,NA,NA,NA,NA,NA,2006,old,NA,NA,NA,NA,resampling,Armerion,0
115657,CZ,101086,7,110,02,0937,20060525,25AD,16,180,180,2,85,0,0,45,80,0,0,0,0,0,0,0,0,0,30,5,60,0,Y,Y,NA,03,NA,Y,4,6,4_6_1,NA,N,NA,NA,NA,0,171213,485340,NA,"Rohatec kolonie, cca. 0,5km SVV od žel. zastávky Rohatec, na J straně žel. trati Hodonín-Zlín.",25-Jun,"Suchý trávník, zřejmě nesečený, bez zastínění.",půda písčitá,NA,6.7,?,NA,NA,NA,NA,NA,NA,NA,NA,NA,NA,NA,NA,NA,NA,NA,NA,NA,NA,NA,NA,NA,NA,NA,NA,2006,old,NA,NA,NA,NA,resampling,Armerion,0
115658,CZ,101086,6,111,02,0937,20060525,25AD,16,180,180,1,85,0,0,40,75,0,0,0,0,0,0,0,0,0,40,5,60,0,Y,Y,NA,03,NA,Y,10,82,10_82_1,NA,N,NA,NA,NA,0,171503,485504,NA,"Bzenec, NPP Váté písky cca. 3,5km JZ od žel. zast. Bzenec přívoz na J straně kolejí Hodonín-Zllín.",26-Jun,"Suchý trávník na nenarušovaném, nezastíněném místě.",půda písčitá,NA,5.6,TFA01,Corniculario aculeatae-Corynephoretum canescentis,NA,NA,NA,NA,NA,NA,NA,NA,NA,NA,NA,NA,NA,NA,NA,NA,NA,NA,NA,NA,NA,NA,NA,2006,old,NA,NA,NA,NA,resampling,Armerion,0
115670,CZ,101086,7,123,02,0937,20060623,25AD,16,170,338,4,80,0,0,60,50,0,0,0,0,0,0,0,0,0,30,5,90,0,Y,Y,NA,03,NA,Y,2,4,2_4_1,NA,N,NA,NA,NA,0,170916,485740,NA,"Milotice u Kyjova, PR Písečný (Miletický) rybník cca. 1km SV od milotického kostela.",38/06,"Trávník na sušším stanovišti, na povrchu půdy stařina.",půda písčitá až hlinitopísčitá,NA,5.6,?,NA,NA,NA,NA,NA,NA,NA,NA,NA,NA,NA,NA,NA,NA,NA,NA,NA,NA,NA,NA,NA,NA,NA,NA,2006,old,NA,NA,NA,NA,resampling,Armerion,0
307878,AT,100361,NA,56,35,NA,19960820,1012,100,160,NA,0,95,0,0,0,0,0,0,0,0,0,0,0,0,0,0,0,0,0,N,NA,"Rötzer 2004, Marchfeld",NA,NA,Y,43,58,43_58_1,NA,NA,NA,NA,NA,2,16.66281624,48.29245471,250,Tiefenthal,NA,NA,NA,NA,NA,NA,NA,NA,NA,NA,NA,NA,NA,NA,NA,NA,NA,NA,NA,NA,NA,NA,NA,NA,NA,NA,NA,NA,NA,NA,1996,old,Arrhenatherum-Bestand,NA,Cirsio-Brachypodion pinnati,NA,resampling,Armerion,0
307885,AT,100361,NA,09,35,NA,19960807,1012,100,152,NA,0,95,0,10,0,0,0,0,0,0,0,0,0,2,0,0,0,0,0,N,NA,"Rötzer 2004, Marchfeld",NA,NA,Y,52,84,52_84_1,NA,NA,NA,NA,NA,2,16.74547101,48.29702361,600,Weikendorfer Remise,NA,NA,NA,NA,NA,NA,NA,NA,NA,NA,NA,NA,NA,NA,NA,NA,NA,NA,NA,NA,NA,NA,NA,NA,NA,NA,NA,NA,NA,NA,1996,old,Bromus erectus-Bestand (Halbtrockenrasen),NA,Cirsio-Brachypodion pinnati,NA,resampling,Festucion valesiacae,0
307886,AT,100361,NA,18,35,NA,19960809,1012,100,160,NA,0,70,0,25,0,20,0,0,0,0,0,10,0,2,0,0,0,0,0,N,NA,"Rötzer 2004, Marchfeld",NA,NA,Y,44,60,44_60_1,NA,NA,NA,NA,NA,2,16.7922145,48.27967696,350,Schoenfelder Wacholderheide,NA,NA,NA,NA,NA,NA,NA,NA,NA,NA,NA,NA,NA,NA,NA,NA,NA,NA,NA,NA,NA,NA,NA,NA,NA,NA,NA,NA,NA,NA,1996,old,Bromus erectus-Bestand (Halbtrockenrasen),NA,Cirsio-Brachypodion pinnati,NA,resampling,Festucion valesiacae,0
307893,AT,100361,NA,43,35,NA,19960819,1012,100,160,NA,5,80,0,0,0,0,0,0,0,0,0,0,0,0,0,0,0,0,0,N,NA,"Rötzer 2004, Marchfeld",NA,NA,Y,51,71,51_71_1,NA,NA,NA,NA,NA,2,16.90007914,48.22466435,250,Terrassenkante der Schlosshofer Platte,NA,NA,NA,NA,NA,NA,NA,NA,NA,NA,NA,NA,NA,NA,NA,NA,NA,NA,NA,NA,NA,NA,NA,NA,NA,NA,NA,NA,NA,NA,1996,old,Bromus erectus-Bestand (Halbtrockenrasen),NA,Cirsio-Brachypodion pinnati,NA,resampling,Festucion valesiacae,0
307894,AT,Rötzer H.,NA,60,NA,NA,19970509,1012  - Cirsio-Brachypodion pinnati,100,160,180,5,90,NA,NA,NA,NA,NA,NA,NA,NA,NA,NA,NA,NA,NA,NA,NA,NA,NA,N,NA,"Rötzer 2004, Marchfeld",NA,NA,Y,49,68,49_68_1,NA,NA,NA,NA,NA,2,16.8304,48.287145,250,Oberweidener Sandberg,NA,NA,NA,NA,NA,NA,NA,434031,434031,NA,Braun-Blanquet (old),NA,Cirsio-Brachypodion pinnati,R1A,Austria_VINCA,NA,NA,NA,NA,NA,NA,NA,NA,NA,NA,NA,NA,NA,NA,NA,1997,old,NA,NA,NA,NA,resampling,Festucion valesiacae,0
307896,AT,100361,NA,54,35,NA,19960820,1012,100,160,NA,0,80,0,0,0,0,0,0,0,0,0,0,0,0,0,0,0,0,0,N,NA,"Rötzer 2004, Marchfeld",NA,NA,Y,43,59,43_59_1,NA,NA,NA,NA,NA,2,16.66859394,48.29125274,300,Tiefenthal,NA,NA,NA,NA,NA,NA,NA,NA,NA,NA,NA,NA,NA,NA,NA,NA,NA,NA,NA,NA,NA,NA,NA,NA,NA,NA,NA,NA,NA,NA,1996,old,Bromus erectus-Bestand (Halbtrockenrasen),NA,Cirsio-Brachypodion pinnati,NA,resampling,Festucion valesiacae,0
307897,AT,Rötzer H.,NA,51,NA,NA,19960820,1012  - Cirsio-Brachypodion pinnati,100,160,NA,0,80,NA,1,NA,NA,NA,NA,NA,NA,NA,NA,NA,NA,NA,NA,NA,NA,NA,N,NA,"Rötzer 2004, Marchfeld",NA,NA,Y,49,66,49_66_1,NA,NA,NA,NA,NA,2,16.8304,48.287145,250,Oberweidener Sandberg,NA,NA,NA,NA,NA,NA,NA,434034,434034,NA,Braun-Blanquet (old),NA,Cirsio-Brachypodion pinnati,R1A,Austria_VINCA,NA,NA,NA,NA,NA,NA,NA,NA,NA,NA,NA,NA,NA,NA,NA,1996,old,NA,NA,NA,NA,resampling,Festucion valesiacae,0
307905,AT,100361,NA,76,35,NA,19970514,1012,100,152,NA,0,80,0,0,0,0,0,0,0,0,0,0,0,0,0,0,0,0,0,N,NA,"Rötzer 2004, Marchfeld",NA,NA,Y,52,73,52_73_1,NA,NA,NA,NA,NA,2,16.74547101,48.29702361,600,Weikendorfer Remise,NA,NA,NA,NA,NA,NA,NA,NA,NA,NA,NA,NA,NA,NA,NA,NA,NA,NA,NA,NA,NA,NA,NA,NA,NA,NA,NA,NA,NA,NA,1997,old,Bromus erectus-Bestand (Halbtrockenrasen),NA,Cirsio-Brachypodion pinnati,NA,resampling,Festucion valesiacae,0
307907,AT,Rötzer H.,NA,58,NA,NA,19970509,1012  - Cirsio-Brachypodion pinnati,100,160,45,5,80,NA,NA,NA,NA,NA,NA,NA,NA,NA,NA,NA,NA,NA,NA,NA,NA,NA,N,NA,"Rötzer 2004, Marchfeld",NA,NA,Y,49,67,49_67_1,NA,NA,NA,NA,NA,2,16.836659,48.281895,250,Oberweidener Sandberg,NA,NA,NA,NA,NA,NA,NA,434044,434044,NA,Braun-Blanquet (old),NA,Cirsio-Brachypodion pinnati,R1A,Austria_VINCA,NA,NA,NA,NA,NA,NA,NA,NA,NA,NA,NA,NA,NA,NA,NA,1997,old,NA,NA,NA,NA,resampling,Festucion valesiacae,0
307908,AT,100361,NA,72,35,NA,19970512,1012,100,152,NA,0,80,0,1,0,2,0,0,0,0,0,0,0,2,0,0,0,0,0,N,NA,"Rötzer 2004, Marchfeld",NA,NA,Y,52,85,52_85_1,NA,NA,NA,NA,NA,2,16.74547101,48.29702361,600,Weikendorfer Remise,NA,NA,NA,NA,NA,NA,NA,NA,NA,NA,NA,NA,NA,NA,NA,NA,NA,NA,NA,NA,NA,NA,NA,NA,NA,NA,NA,NA,NA,NA,1997,old,Bromus erectus-Bestand (Halbtrockenrasen),NA,Cirsio-Brachypodion pinnati,NA,resampling,Festucion valesiacae,0
307911,AT,100361,NA,11,35,NA,19960807,1012,100,150,NA,0,80,5,20,0,0,0,0,0,0,0,10,0,5,0,0,0,0,0,N,NA,"Rötzer 2004, Marchfeld",NA,NA,Y,52,74,52_74_1,NA,NA,NA,NA,NA,2,16.72821469,48.29077792,250,Obersiebenbrunner Wacholderheide,NA,NA,NA,NA,NA,NA,NA,NA,NA,NA,NA,NA,NA,NA,NA,NA,NA,NA,NA,NA,NA,NA,NA,NA,NA,NA,NA,NA,NA,NA,1996,old,Bromus erectus-Bestand (Halbtrockenrasen),NA,Cirsio-Brachypodion pinnati,NA,resampling,Festucion valesiacae,0
307919,AT,100361,NA,84,35,NA,19970515,1021,100,147,NA,0,95,0,10,0,0,0,0,0,0,0,0,0,0.2,0,0,0,0,0,N,NA,"Rötzer 2004, Marchfeld",NA,NA,Y,50,69,50_69_1,NA,NA,NA,NA,NA,2,16.85539095,48.21667773,250,Obere Heide bei Lassee,NA,NA,NA,NA,NA,NA,NA,NA,NA,NA,NA,NA,NA,NA,NA,NA,NA,NA,NA,NA,NA,NA,NA,NA,NA,NA,NA,NA,NA,NA,1997,old,Stipa-Steppe,NA,Festucion valesiacae,NA,resampling,Festucion valesiacae,0
307926,AT,100361,NA,49,35,NA,19960820,1021,100,155,NA,0,60,0,20,0,30,0,0,0,0,0,0,0,3,0,0,0,0,0,N,NA,"Rötzer 2004, Marchfeld",NA,NA,Y,49,75,49_75_1,NA,NA,NA,NA,NA,2,16.81455894,48.27262495,250,Trockenrasenstreifen NNE Schönfeld,NA,NA,NA,NA,NA,NA,NA,NA,NA,NA,NA,NA,NA,NA,NA,NA,NA,NA,NA,NA,NA,NA,NA,NA,NA,NA,NA,NA,NA,NA,1996,old,Stipa-Steppe,NA,Festucion valesiacae,NA,resampling,Festucion valesiacae,0
307928,AT,100361,NA,71,35,NA,19970512,1021,100,160,NA,5,95,0,5,0,0,0,0,0,0,0,0,0,0.8,0,0,0,0,0,N,NA,"Rötzer 2004, Marchfeld",NA,NA,Y,48,65,48_65_1,NA,NA,NA,NA,NA,2,16.77815085,48.30035244,250,Brunnfeld  E Weikendorfer Remise,NA,NA,Sanddüne,NA,NA,NA,NA,NA,NA,NA,NA,NA,NA,NA,NA,NA,NA,NA,NA,NA,NA,NA,NA,NA,NA,NA,NA,NA,NA,NA,1997,old,Stipa-Steppe,NA,Festucion valesiacae,NA,resampling,Festucion valesiacae,0
307932,AT,100361,NA,25,35,NA,19960809,1021,100,155,NA,2,100,0,0,0,0,0,0,0,0,0,0,0,0,0,0,0,0,0,N,NA,"Rötzer 2004, Marchfeld",NA,NA,Y,47,64,47_64_1,NA,NA,NA,NA,NA,2,16.87140924,48.27218262,250,Gerichtsberg bei Marchegg,NA,NA,NA,NA,NA,NA,NA,NA,NA,NA,NA,NA,NA,NA,NA,NA,NA,NA,NA,NA,NA,NA,NA,NA,NA,NA,NA,NA,NA,NA,1996,old,Stipa-Steppe,NA,Festucion valesiacae,NA,resampling,Festucion valesiacae,0
307934,AT,100361,NA,42,35,NA,19960819,1021,100,160,NA,10,50,0,0,0,0,0,0,0,0,0,0,0,0,0,0,0,0,0,N,NA,"Rötzer 2004, Marchfeld",NA,NA,Y,51,76,51_76_1,NA,NA,NA,NA,NA,2,16.90007914,48.22466435,250,Terrassenkante der Schlosshofer Platte,NA,NA,NA,NA,NA,NA,NA,NA,NA,NA,NA,NA,NA,NA,NA,NA,NA,NA,NA,NA,NA,NA,NA,NA,NA,NA,NA,NA,NA,NA,1996,old,Stipa-Steppe,NA,Festucion valesiacae,NA,resampling,Festucion valesiacae,0
307947,AT,100361,NA,61,35,NA,19970510,1021,10,160,NA,10,50,0,0,0,20,0,0,0,0,0,0,0,0,0,0,0,0,0,N,NA,"Rötzer 2004, Marchfeld",NA,NA,Y,51,72,51_72_1,NA,NA,NA,NA,NA,2,16.91158056,48.22132303,250,Terrassenkante der Schlosshofer Platte,NA,NA,NA,NA,NA,NA,NA,NA,NA,NA,NA,NA,NA,NA,NA,NA,NA,NA,NA,NA,NA,NA,NA,NA,NA,NA,NA,NA,NA,NA,1997,old,Festuca-Rasen,NA,Festucion valesiacae,NA,resampling,Festucion valesiacae,0
307951,AT,100361,NA,86,35,NA,19970515,1021,20,145,NA,5,80,0,0,0,5,0,0,0,0,0,0,0,0,0,0,0,0,0,N,NA,"Rötzer 2004, Marchfeld",NA,NA,Y,53,70,53_70_1,NA,NA,NA,NA,NA,2,16.87174444,48.21074812,250,Erdpresshoehe bei Lassee,NA,NA,NA,NA,NA,NA,NA,NA,NA,NA,NA,NA,NA,NA,NA,NA,NA,NA,NA,NA,NA,NA,NA,NA,NA,NA,NA,NA,NA,NA,1997,old,Festuca-Rasen,NA,Festucion valesiacae,NA,resampling,Festucion valesiacae,0
342099,AT,100406,1,9,36,NA,2003,1031,20,140,NA,NA,70,0,0,70,0,0,0,0,0,0,0,0,0,0,0,0,0,0,N,NA,"Pauer 2005, Trockenstandorte in den Auen des unteren Mar",NA,NA,Y,45,61,45_61_1,NA,NA,NA,NA,NA,2,16.87372,48.32789,20,Marchauen SE Zwerndorf,NA,NA,NA,NA,NA,NA,NA,NA,NA,NA,NA,NA,NA,NA,NA,NA,NA,NA,NA,NA,NA,NA,NA,NA,NA,NA,NA,NA,NA,NA,2003,old,Peucedano oreoselini-Festucetum rupicolae,9067,Koelerio-Phleion,NA,resampling,Armerion,0
342103,AT,100406,1,2,36,NA,2003,1031,12,140,NA,NA,60,0,0,60,0,0,0,0,0,0,0,0,0,0,0,0,0,0,N,NA,"Pauer 2005, Trockenstandorte in den Auen des unteren Mar",NA,NA,Y,46,62,46_62_1,NA,NA,NA,NA,NA,2,16.91561,48.27308,20,"Marchegg, Pulverturm",NA,NA,NA,NA,NA,NA,NA,NA,NA,NA,NA,NA,NA,NA,NA,NA,NA,NA,NA,NA,NA,NA,NA,NA,NA,NA,NA,NA,NA,NA,2003,old,Peucedano oreoselini-Festucetum rupicolae,9071,Koelerio-Phleion,NA,resampling,Armerion,0
342104,AT,100406,1,1,36,NA,2003,1031,20,140,NA,NA,80,0,0,80,0,0,0,0,0,0,0,0,0,0,0,0,0,0,N,NA,"Pauer 2005, Trockenstandorte in den Auen des unteren Mar",NA,NA,Y,46,63,46_63_1,NA,NA,NA,NA,NA,2,16.91514,48.27275,20,"Marchegg, Pulverturm",NA,NA,NA,NA,NA,NA,NA,NA,NA,NA,NA,NA,NA,NA,NA,NA,NA,NA,NA,NA,NA,NA,NA,NA,NA,NA,NA,NA,NA,NA,2003,old,Peucedano oreoselini-Festucetum rupicolae,9072,Koelerio-Phleion,NA,resampling,Armerion,0
401761,SK,Chytrý M. et al.,NA,56,NA,Chytrý M.,19940515,10CA02 - Peucedano oreoselini-Festucetum rupicolae (Vicherek 1962),25,150,NA,0,NA,NA,NA,90,40,NA,NA,NA,NA,NA,NA,NA,NA,NA,NA,NA,NA,NA,Y,Y,NA,NA,NA,Y,38,44,38_44_1,NA,N,NA,NA,NA,2,16.949722,48.5675,NA,"Borská nížina, Závod, Sandergebung Borová an der Marchaue NNW des Orts",NA,NA,NA,NA,NA,NA,NA,1674358,1674358,7,Braun/Blanquet (old),Peucedano oreoselini-Festucetum rupicolae (Vicherek 1962),Koelerio-Phleion phleoidis Korneck 1974,R,Slovakia_nvd,NA,NA,NA,NA,NA,NA,NA,NA,NA,NA,NA,NA,NA,NA,NA,1994,old,NA,NA,NA,NA,resampling,Armerion,0
402435,CZ,NA,NA,NA,NA,Chytrý M.,20020512,TFC   - Armerion elongatae,2,190,NA,NA,NA,NA,NA,60,5,NA,NA,NA,NA,NA,NA,NA,NA,NA,NA,NA,NA,NA,N,NA,NA,NA,NA,Y,59,55,59_55_1,NA,N,NA,NA,NA,2,16.791667,48.749722,NA,"Valtice, louka u zámečku Randez-Vous",NA,NA,NA,NA,NA,NA,NA,714607,714607,NA,Braun/Blanquet (new),NA,Armerion elongatae,R22,Czechia_nvd,NA,NA,NA,NA,NA,NA,NA,NA,NA,NA,NA,NA,NA,NA,NA,2002,old,NA,NA,NA,NA,resampling,Armerion,0
445394,CZ,NA,NA,NA,NA,Šumberová K.,19950604,THG   - Koelerio-Phleion phleoidis,25,155,315,5,NA,NA,NA,95,10,NA,NA,NA,NA,NA,NA,NA,NA,NA,NA,NA,NA,NA,Y,NA,NA,NA,NA,Y,58,53,58_53_1,NA,N,NA,NA,NA,2,16.920556,48.699722,NA,"Soutok, Břeclav - Lány, severně zámečku, 5.6 km JJV náměstí",NA,NA,NA,NA,NA,NA,NA,755806,755806,NA,Braun/Blanquet (old),NA,Koelerio-Phleion phleoidis,R1A,Czechia_nvd,NA,NA,NA,NA,NA,NA,NA,NA,NA,NA,NA,NA,NA,NA,NA,1995,old,NA,NA,NA,NA,resampling,Armerion,0
445395,CZ,NA,NA,NA,NA,Šumberová K.,19950604,THG   - Koelerio-Phleion phleoidis,25,NA,225,5,NA,NA,NA,95,30,NA,NA,NA,NA,NA,NA,NA,NA,NA,NA,NA,NA,NA,Y,NA,NA,NA,NA,Y,58,54,58_54_1,NA,N,NA,NA,NA,2,16.920556,48.699722,NA,"Soutok, Břeclav - Lány, severně zámečku, 5.6 km JJV náměstí",NA,NA,NA,NA,NA,NA,NA,755807,755807,NA,Braun/Blanquet (old),NA,Koelerio-Phleion phleoidis,R1B!,Czechia_nvd,NA,NA,NA,NA,NA,NA,NA,NA,NA,NA,NA,NA,NA,NA,NA,1995,old,NA,NA,NA,NA,resampling,Armerion,0
445410,CZ,NA,NA,NA,NA,Šumberová K.,19950531,THG   - Koelerio-Phleion phleoidis,25,154,NA,NA,NA,NA,NA,100,80,NA,NA,NA,NA,NA,NA,NA,NA,NA,NA,NA,NA,NA,Y,NA,NA,NA,NA,Y,31,36,31_36_1,NA,N,NA,NA,NA,2,16.935,48.6875,NA,"Soutok, Lanžhot - Dúbravka, mezi dvěma rameny Křenové silnice, 4.7 km JJZ kostela v obci",NA,NA,NA,NA,NA,NA,NA,755822,755822,NA,Braun/Blanquet (old),NA,Koelerio-Phleion phleoidis,R1A,Czechia_nvd,NA,NA,NA,NA,NA,NA,NA,NA,NA,NA,NA,NA,NA,NA,NA,1995,old,NA,NA,NA,NA,resampling,Armerion,0
445416,CZ,NA,NA,NA,NA,Šumberová K.,19950531,THG   - Koelerio-Phleion phleoidis,25,NA,135,5,NA,NA,NA,70,60,NA,NA,NA,NA,NA,NA,NA,NA,NA,NA,NA,NA,NA,Y,NA,NA,NA,NA,Y,31,35,31_35_1,NA,N,NA,NA,NA,2,16.934167,48.690278,NA,"Soutok, Lanžhot - Dúbravka, severní část hrúdu, 4.4 km JJZ kostela v obci",NA,NA,NA,NA,NA,NA,NA,755828,755828,NA,Braun/Blanquet (old),NA,Koelerio-Phleion phleoidis,R1A,Czechia_nvd,NA,NA,NA,NA,NA,NA,NA,NA,NA,NA,NA,NA,NA,NA,NA,1995,old,NA,NA,NA,NA,resampling,Armerion,0
445417,CZ,NA,NA,NA,NA,Šumberová K.,19950531,THG   - Koelerio-Phleion phleoidis,25,154,113,5,NA,NA,NA,75,70,NA,NA,NA,NA,NA,NA,NA,NA,NA,NA,NA,NA,NA,Y,NA,NA,NA,NA,Y,31,34,31_34_1,NA,N,NA,NA,NA,2,16.934167,48.690278,NA,"Soutok, Lanžhot - Dúbravka, severní část hrúdu, 4.4 km JJZ kostela v obci",NA,NA,NA,NA,NA,NA,NA,755829,755829,NA,Braun/Blanquet (old),NA,Koelerio-Phleion phleoidis,R1A,Czechia_nvd,NA,NA,NA,NA,NA,NA,NA,NA,NA,NA,NA,NA,NA,NA,NA,1995,old,NA,NA,NA,NA,resampling,Armerion,0
445422,CZ,NA,NA,NA,NA,Šumberová K.,19950531,THG   - Koelerio-Phleion phleoidis,25,155,NA,NA,NA,NA,NA,95,30,NA,NA,NA,NA,NA,NA,NA,NA,NA,NA,NA,NA,NA,Y,NA,NA,NA,NA,Y,32,37,32_37_1,NA,N,NA,NA,NA,2,16.925,48.705,NA,"Soutok, Břeclav - Lány, JJV zámečku, 6.3 km JJV náměstí",NA,NA,NA,NA,NA,NA,NA,755834,755834,NA,Braun/Blanquet (old),NA,Koelerio-Phleion phleoidis,R1A,Czechia_nvd,NA,NA,NA,NA,NA,NA,NA,NA,NA,NA,NA,NA,NA,NA,NA,1995,old,NA,NA,NA,NA,resampling,Armerion,0
445449,CZ,NA,NA,NA,NA,Šumberová K.,19950523,THG   - Koelerio-Phleion phleoidis,25,153,NA,NA,NA,NA,NA,100,80,NA,NA,NA,NA,NA,NA,NA,NA,NA,NA,NA,NA,NA,Y,NA,NA,NA,NA,Y,41,50,41_50_1,NA,N,NA,NA,NA,2,16.959167,48.645278,NA,"Soutok, Lanžhot - Polínský vrch, jižní část, 9 km J kostela v obci",NA,NA,NA,NA,NA,NA,NA,755855,755855,NA,Braun/Blanquet (old),NA,Koelerio-Phleion phleoidis,R1P,Czechia_nvd,NA,NA,NA,NA,NA,NA,NA,NA,NA,NA,NA,NA,NA,NA,NA,1995,old,NA,NA,NA,NA,resampling,Armerion,0
445450,CZ,NA,NA,NA,NA,Šumberová K.,19950523,THG   - Koelerio-Phleion phleoidis,16,153,NA,NA,NA,NA,NA,70,20,NA,NA,NA,NA,NA,NA,NA,NA,NA,NA,NA,NA,NA,Y,NA,NA,NA,NA,Y,41,51,41_51_1,NA,N,NA,NA,NA,2,16.959167,48.645278,NA,"Soutok, Lanžhot - Polínský vrch, severní část, 9 km J kostela v obci",NA,NA,NA,NA,NA,NA,NA,755856,755856,NA,Braun/Blanquet (old),NA,Koelerio-Phleion phleoidis,R1P,Czechia_nvd,NA,NA,NA,NA,NA,NA,NA,NA,NA,NA,NA,NA,NA,NA,NA,1995,old,NA,NA,NA,NA,resampling,Armerion,0
445462,CZ,NA,NA,NA,NA,Šumberová K.,19970608,THG   - Koelerio-Phleion phleoidis,25,165,NA,NA,95,NA,NA,95,70,NA,NA,NA,NA,NA,NA,NA,NA,NA,NA,NA,NA,NA,NA,NA,Snad Peucedano oreoselini-Festucetum rupicolae,NA,NA,Y,60,56,60_56_1,NA,N,NA,NA,NA,2,16.866944,48.717778,NA,"Boří les, stráň nad železnicí Břeclav-Vídeň, proti Františkovu rybníku",NA,NA,NA,NA,NA,NA,NA,755868,755868,NA,Braun/Blanquet (old),NA,Koelerio-Phleion phleoidis,R1B,Czechia_nvd,NA,NA,NA,NA,NA,NA,NA,NA,NA,NA,NA,NA,NA,NA,NA,1997,old,NA,NA,NA,NA,resampling,Armerion,0
445463,CZ,NA,NA,NA,NA,Šumberová K.,19970608,THG   - Koelerio-Phleion phleoidis,25,165,NA,NA,95,NA,NA,95,2,NA,NA,NA,NA,NA,NA,NA,NA,NA,NA,NA,NA,NA,NA,NA,Snad Peucedano oreoselini-Festucetum rupicolae,NA,NA,Y,60,57,60_57_1,NA,N,NA,NA,NA,2,16.866944,48.717778,NA,"Boří les, stráně nad železniční tratí Břeclav-Vídeň, proti Františkovu rybníku",NA,NA,NA,NA,NA,NA,NA,755869,755869,NA,Braun/Blanquet (old),NA,Koelerio-Phleion phleoidis,R1A,Czechia_nvd,NA,NA,NA,NA,NA,NA,NA,NA,NA,NA,NA,NA,NA,NA,NA,1997,old,NA,NA,NA,NA,resampling,Armerion,0
452435,CZ,NA,NA,NA,NA,Danihelka J.,19970524,THG   - Koelerio-Phleion phleoidis,25,152,135,3,70,NA,NA,70,NA,NA,NA,NA,NA,NA,NA,NA,NA,NA,NA,NA,NA,NA,N,N,"7367d02, trvalá plocha Ivy Sedlákové",NA,NA,Y,42,52,42_52_1,NA,N,NA,NA,NA,2,16.932778,48.641944,NA,"Lanžhot (distr. Břeclav): Košarské louky, hrúd 2,7 km SSZ-S soutoku Moravy a Dyje",NA,NA,NA,NA,NA,NA,NA,759407,759407,NA,Braun/Blanquet (new),NA,Koelerio-Phleion phleoidis,R22,Czechia_nvd,NA,NA,NA,NA,NA,NA,NA,NA,NA,NA,NA,NA,NA,NA,NA,1997,old,NA,NA,NA,NA,resampling,Armerion,0
622109,SK,"Krippelová T., Krippel E.",NA,1,NA,Krippelová T.,19550101,14AA  - Corynephorion canescentis Klika 1931,25,NA,NA,NA,NA,NA,NA,NA,NA,NA,NA,NA,NA,NA,NA,NA,NA,NA,NA,NA,NA,NA,N,N,KC017/1,NA,NA,Y,24,28,24_28_1,NA,N,NA,NA,NA,2,17.186667,48.582222,NA,"Borská nížina, Lakšarská N. Ves, pri Cigánoch",NA,NA,NA,NA,NA,NA,NA,1692601,1692601,14,Ordinale scale (1-9),NA,Corynephorion canescentis Klika 1931,R,Slovakia_nvd,NA,NA,NA,NA,NA,NA,NA,NA,NA,NA,NA,NA,NA,NA,NA,1955,old,NA,NA,NA,NA,resampling,Corynephorion,0
622119,SK,"Krippelová T., Krippel E.",NA,11,NA,Krippelová T.,19550101,14AA  - Corynephorion canescentis Klika 1931,25,NA,NA,NA,NA,NA,NA,NA,NA,NA,NA,NA,NA,NA,NA,NA,NA,NA,NA,NA,NA,NA,N,N,KC017/,NA,NA,Y,33,39,33_39_1,NA,N,NA,NA,NA,2,17.003889,48.442222,NA,"Borská nížina, Malacky, oproti Rohlíčkovi (sv. Anton)",NA,NA,NA,NA,NA,NA,NA,1692611,1692611,14,Ordinale scale (1-9),NA,Corynephorion canescentis Klika 1931,R,Slovakia_nvd,NA,NA,NA,NA,NA,NA,NA,NA,NA,NA,NA,NA,NA,NA,NA,1955,old,NA,NA,NA,NA,resampling,Corynephorion,0
622121,SK,"Krippelová T., Krippel E.",NA,13,NA,Krippelová T.,19550101,14AA  - Corynephorion canescentis Klika 1931,25,NA,NA,NA,NA,NA,NA,NA,NA,NA,NA,NA,NA,NA,NA,NA,NA,NA,NA,NA,NA,NA,N,N,KC017/,NA,NA,Y,33,38,33_38_1,NA,N,NA,NA,NA,2,17.004444,48.4425,NA,"Borská nížina, Malacky, oproti Rohlíčkovi (sv. Anton)",NA,NA,NA,NA,NA,NA,NA,1692613,1692613,14,Ordinale scale (1-9),NA,Corynephorion canescentis Klika 1931,R1P,Slovakia_nvd,NA,NA,NA,NA,NA,NA,NA,NA,NA,NA,NA,NA,NA,NA,NA,1955,old,NA,NA,NA,NA,resampling,Corynephorion,0
622123,SK,"Krippelová T., Krippel E.",NA,15,NA,Krippelová T.,19550101,14AA  - Corynephorion canescentis Klika 1931,25,NA,NA,NA,NA,NA,NA,NA,NA,NA,NA,NA,NA,NA,NA,NA,NA,NA,NA,NA,NA,NA,N,N,KC017/,NA,NA,Y,27,31,27_31_1,NA,N,NA,NA,NA,2,16.972222,48.437222,NA,"Borská nížina, Kostolište  na Jakubov, 500 m Z od hor. Čistá",NA,NA,NA,NA,NA,NA,NA,1692615,1692615,14,Ordinale scale (1-9),NA,Corynephorion canescentis Klika 1931,R,Slovakia_nvd,NA,NA,NA,NA,NA,NA,NA,NA,NA,NA,NA,NA,NA,NA,NA,1955,old,NA,NA,NA,NA,resampling,Corynephorion,0
622127,SK,"Krippelová T., Krippel E.",NA,19,NA,Krippelová T.,19550101,14AA  - Corynephorion canescentis Klika 1931,25,NA,NA,NA,NA,NA,NA,NA,NA,NA,NA,NA,NA,NA,NA,NA,NA,NA,NA,NA,NA,NA,N,N,KC017/,NA,NA,Y,34,40,34_40_1,NA,N,NA,NA,NA,2,17.020278,48.409444,NA,"Borská nížina, Malacky smer Pl. Štvrtok, 500 m za Kozánkom",NA,NA,NA,NA,NA,NA,NA,1692619,1692619,14,Ordinale scale (1-9),NA,Corynephorion canescentis Klika 1931,R,Slovakia_nvd,NA,NA,NA,NA,NA,NA,NA,NA,NA,NA,NA,NA,NA,NA,NA,1955,old,NA,NA,NA,NA,resampling,Corynephorion,0
622128,SK,"Krippelová T., Krippel E.",NA,20,NA,Krippelová T.,19550101,14AA  - Corynephorion canescentis Klika 1931,25,NA,NA,NA,NA,NA,NA,NA,NA,NA,NA,NA,NA,NA,NA,NA,NA,NA,NA,NA,NA,NA,Y,N,KC017/20,NA,NA,Y,40,49,40_49_1,NA,N,NA,NA,NA,2,17.069167,48.595833,NA,"Borská nížina, Tomky, smer Borský Jur",NA,NA,NA,NA,NA,NA,NA,1692620,1692620,14,Ordinale scale (1-9),NA,Corynephorion canescentis Klika 1931,R1Q,Slovakia_nvd,NA,NA,NA,NA,NA,NA,NA,NA,NA,NA,NA,NA,NA,NA,NA,1955,old,NA,NA,NA,NA,resampling,Corynephorion,0
622132,SK,"Krippelová T., Krippel E.",NA,2,NA,Krippelová T.,19550101,09AA  - Festucion vaginatae Soó 1938,25,NA,NA,NA,NA,NA,NA,NA,NA,NA,NA,NA,NA,NA,NA,NA,NA,NA,NA,NA,NA,NA,N,N,KC030,NA,NA,Y,26,29,26_29_1,NA,N,NA,NA,NA,2,16.966111,48.435833,NA,"Borská nížina, Kostolište, 500 m smerom na Gajary",NA,NA,NA,NA,NA,NA,NA,1692624,1692624,p.60,Ordinale scale (1-9),NA,Festucion vaginatae Soó 1938,V38,Slovakia_nvd,NA,NA,NA,NA,NA,NA,NA,NA,NA,NA,NA,NA,NA,NA,NA,1955,old,NA,NA,NA,NA,resampling,Corynephorion,0
622135,SK,"Krippelová T., Krippel E.",NA,3,NA,Krippelová T.,19520714,14AA  - Corynephorion canescentis Klika 1931,25,NA,NA,NA,80,NA,NA,NA,NA,NA,NA,NA,NA,NA,NA,NA,NA,NA,NA,NA,NA,NA,N,Y,"T, Thymo-Corynephoretum cladonietosum (štádium)",NA,NA,Y,24,27,24_27_1,NA,N,NA,NA,NA,2,17.174444,48.573333,NA,"Borská nížina, Lakšarská Nová Ves, náveterná strana 5 m presypu",NA,NA,NA,NA,NA,NA,NA,1692627,1692627,p.78,Ordinale scale (1-9),NA,Corynephorion canescentis Klika 1931,R,Slovakia_nvd,NA,NA,NA,NA,NA,NA,NA,NA,NA,NA,NA,NA,NA,NA,NA,1952,old,NA,NA,NA,NA,resampling,Corynephorion,0
622143,SK,"Krippelová T., Krippel E.",NA,6,NA,Krippelová T.,19550101,09AA01 - Diantho serotini-Festucetum vaginatae Klika 1934,25,NA,NA,NA,NA,NA,NA,NA,NA,NA,NA,NA,NA,NA,NA,NA,NA,NA,NA,NA,NA,NA,N,N,FV027/6,NA,NA,Y,30,33,30_33_1,NA,N,NA,NA,NA,2,17.067222,48.422778,NA,"Borská nížina, Malacky-Riadok (Písniky) pri stožiari",NA,NA,NA,NA,NA,NA,NA,1692635,1692635,12,Ordinale scale (1-9),Diantho serotini-Festucetum vaginatae Klika 1934,Festucion vaginatae Soó 1938,R11!,Slovakia_nvd,NA,NA,NA,NA,NA,NA,NA,NA,NA,NA,NA,NA,NA,NA,NA,1955,old,NA,NA,NA,NA,resampling,Corynephorion,0
624692,SK,"Stanová V., Šeffer J.",NA,3,NA,Stanová V.,19920526,14AA  - Corynephorion canescentis Klika 1931,24,NA,270,NA,NA,NA,NA,90,10,NA,NA,NA,NA,NA,NA,NA,NA,NA,NA,NA,NA,NA,Y,NA,nubialis,NA,NA,Y,38,47,38_47_1,NA,N,NA,NA,NA,2,16.949722,48.541667,NA,"Borská nížina, Borová pri rieke Morave",NA,NA,NA,NA,NA,NA,NA,1694007,1694007,1,Braun/Blanquet (new),NA,Corynephorion canescentis Klika 1931,R1P,Slovakia_nvd,NA,NA,NA,NA,NA,NA,NA,NA,NA,NA,NA,NA,NA,NA,NA,1992,old,NA,NA,NA,NA,resampling,Corynephorion,0
624694,SK,"Stanová V., Šeffer J.",NA,5,NA,Stanová V.,19920526,14AA  - Corynephorion canescentis Klika 1931,25,NA,180,NA,NA,NA,NA,40,70,NA,NA,NA,NA,NA,NA,NA,NA,NA,NA,NA,NA,NA,Y,NA,nubialis,NA,NA,Y,38,45,38_45_1,NA,N,NA,NA,NA,2,16.949722,48.541667,NA,"Borská nížina, Borová pri rieke Morave",NA,NA,NA,NA,NA,NA,NA,1694009,1694009,1,Braun/Blanquet (new),NA,Corynephorion canescentis Klika 1931,V,Slovakia_nvd,NA,NA,NA,NA,NA,NA,NA,NA,NA,NA,NA,NA,NA,NA,NA,1992,old,NA,NA,NA,NA,resampling,Corynephorion,0
624697,SK,"Stanová V., Šeffer J.",NA,8,NA,Stanová V.,19920716,14AA  - Corynephorion canescentis Klika 1931,45,NA,270,NA,NA,NA,NA,40,10,NA,NA,NA,NA,NA,NA,NA,NA,NA,NA,NA,NA,NA,Y,NA,nubialis,NA,NA,Y,38,46,38_46_1,NA,N,NA,NA,NA,2,16.949722,48.541667,NA,"Borská nížina, Borová pri rieke Morave",NA,NA,NA,NA,NA,NA,NA,1694012,1694012,1,Braun/Blanquet (new),NA,Corynephorion canescentis Klika 1931,R,Slovakia_nvd,NA,NA,NA,NA,NA,NA,NA,NA,NA,NA,NA,NA,NA,NA,NA,1992,old,NA,NA,NA,NA,resampling,Corynephorion,0
624744,SK,Krippel E.,NA,1,NA,Krippel E.,19630101,14AA  - Corynephorion canescentis Klika 1931,25,NA,NA,NA,70,NA,NA,NA,NA,NA,NA,NA,NA,NA,NA,NA,NA,NA,NA,NA,NA,NA,N,NA,NA,NA,NA,Y,39,48,39_48_1,NA,N,NA,NA,NA,2,17.008611,48.540833,NA,"Borská nížina, Závod, železničná zastávka",NA,NA,NA,NA,NA,NA,NA,1694059,1694059,4,Braun/Blanquet (old),NA,Corynephorion canescentis Klika 1931,R1P,Slovakia_nvd,NA,NA,NA,NA,NA,NA,NA,NA,NA,NA,NA,NA,NA,NA,NA,1963,old,NA,NA,NA,NA,resampling,Corynephorion,0
624745,SK,Krippel E.,NA,2,NA,Krippel E.,19630101,14AA  - Corynephorion canescentis Klika 1931,25,NA,NA,NA,90,NA,NA,NA,NA,NA,NA,NA,NA,NA,NA,NA,NA,NA,NA,NA,NA,NA,N,NA,NA,NA,NA,Y,27,30,27_30_1,NA,N,NA,NA,NA,2,16.970278,48.438889,NA,"Borská nížina, Kostolište - Jaubov, pri hájovni Čistá",NA,NA,NA,NA,NA,NA,NA,1694060,1694060,4,Braun/Blanquet (old),NA,Corynephorion canescentis Klika 1931,R1P,Slovakia_nvd,NA,NA,NA,NA,NA,NA,NA,NA,NA,NA,NA,NA,NA,NA,NA,1963,old,NA,NA,NA,NA,resampling,Corynephorion,0
624750,SK,Krippel E.,NA,7,NA,Krippel E.,19630101,14AA  - Corynephorion canescentis Klika 1931,50,NA,NA,NA,75,NA,NA,NA,NA,NA,NA,NA,NA,NA,NA,NA,NA,NA,NA,NA,NA,NA,N,NA,NA,NA,NA,Y,23,26,23_26_1,NA,N,NA,NA,NA,2,17.192778,48.582778,NA,"Borská nížina, Lakšárska Nová Ves, Lipovec",NA,NA,NA,NA,NA,NA,NA,1694065,1694065,4,Braun/Blanquet (old),NA,Corynephorion canescentis Klika 1931,R1Q!,Slovakia_nvd,NA,NA,NA,NA,NA,NA,NA,NA,NA,NA,NA,NA,NA,NA,NA,1963,old,NA,NA,NA,NA,resampling,Corynephorion,0
624751,SK,Krippel E.,NA,8,NA,Krippel E.,19630101,14AA  - Corynephorion canescentis Klika 1931,25,NA,NA,NA,75,NA,NA,NA,NA,NA,NA,NA,NA,NA,NA,NA,NA,NA,NA,NA,NA,NA,N,NA,NA,NA,NA,Y,29,32,29_32_1,NA,N,NA,NA,NA,2,16.970278,48.438889,NA,"Borská nížina, Kostolište, za betonárňou JRD",NA,NA,NA,NA,NA,NA,NA,1694066,1694066,4,Braun/Blanquet (old),NA,Corynephorion canescentis Klika 1931,R,Slovakia_nvd,NA,NA,NA,NA,NA,NA,NA,NA,NA,NA,NA,NA,NA,NA,NA,1963,old,NA,NA,NA,NA,resampling,Corynephorion,0
638289,SK,Májeková J.,NA,5,NA,Májeková J.,20030620,14   - Koelerio-Corynephoretea Klika in Klika et Novák 1941,30,198,NA,NA,20,NA,NA,20,NA,NA,NA,NA,NA,NA,NA,NA,NA,NA,NA,NA,NA,NA,NA,NA,Orig. relevé nr: JM27. Spol. s Corynephorus canescens (Koelerio-Corynephoretea).,NA,NA,Y,36,42,36_42_1,NA,N,NA,NA,NA,2,17.1375,48.561944,NA,"Borská nížina, Studienka, 4 km S od kostola, pravá str.cesty",NA,NA,NA,NA,NA,NA,NA,1706030,1706030,13,Braun/Blanquet (new),NA,NA,R,Slovakia_nvd,NA,NA,NA,NA,NA,NA,NA,NA,NA,NA,NA,NA,NA,NA,NA,2003,old,NA,NA,NA,NA,resampling,Corynephorion,0
638316,SK,Májeková J.,NA,1,NA,Májeková J.,20030718,33EB01 - Setario-Plantaginetum indicae Passarge 1988,36,213,NA,NA,80,NA,NA,80,40,NA,NA,NA,NA,NA,NA,NA,NA,NA,NA,NA,NA,NA,Y,Y,Orig. relevé nr: JM56,NA,NA,Y,35,41,35_41_1,NA,N,NA,NA,NA,2,17.136944,48.538056,NA,"Borská nížina, Studienka, S okraj obce, pravá str.cesty",NA,NA,NA,NA,NA,NA,NA,1706057,1706057,7,Braun/Blanquet (new),Setario-Plantaginetum indicae Passarge 1988,Salsolion ruthenicae Philippi 1971,V,Slovakia_nvd,NA,NA,NA,NA,NA,NA,NA,NA,NA,NA,NA,NA,NA,NA,NA,2003,old,NA,NA,NA,NA,resampling,Corynephorion,0
645703,SK,700622,1,44,05,0080,20100713,14AA,20,200,360,1,50,0,0,50,0,0,0,0,0,0,0,0,0,0,15,0,0,0,N,N,/Orig. number=701256,01,NA,Y,36,43,36_43_1,NA,N,NA,NA,NA,NA,170849.1,483359.1,NA,"Lakšarská N. Ves, pole oproti mlynu Šišoláky",MV3160,opustené pole na viatych pieskoch - úhor,piesok,piesčitá,NA,NA,NA,NA,NA,NA,NA,NA,NA,NA,NA,NA,NA,NA,NA,NA,NA,NA,NA,NA,NA,NA,NA,NA,NA,NA,2010,old,NA,NA,NA,NA,resampling,Corynephorion,0
